Wk,Day,Date,Time,Home,Score,Away,Attendance,Venue,Referee,Match Report,Notes,League
1,Fri,8/15/25,20:00 (15:00),Liverpool,4–2,Bournemouth,"60,315",Anfield,Anthony Taylor,Match Report,,EPL
1,Sat,8/16/25,12:30 (07:30),Aston Villa,0–0,Newcastle United,"42,526",Villa Park,Craig Pawson,Match Report,,EPL
1,Sat,8/16/25,15:00 (10:00),Sunderland,3–0,West Ham United,"46,233",Stadium of Light,Robert Jones,Match Report,,EPL
1,Sat,8/16/25,15:00 (10:00),Brighton,1–1,Fulham,"31,478",The American Express Stadium,Samuel Barrott,Match Report,,EPL
1,Sat,8/16/25,15:00 (10:00),Tottenham Hotspur,3–0,Burnley,"61,077",Tottenham Hotspur Stadium,Michael Oliver,Match Report,,EPL
1,Sat,8/16/25,17:30 (12:30),Wolves,0–4,Manchester City,"31,456",Molineux Stadium,Jarred Gillett,Match Report,,EPL
1,Sun,8/17/25,14:00 (09:00),Chelsea,0–0,Crystal Palace,"39,678",Stamford Bridge,Darren England,Match Report,,EPL
1,Sun,8/17/25,14:00 (09:00),Nottingham Forest,3–1,Brentford,"29,949",The City Ground,Peter Bankes,Match Report,,EPL
1,Sun,8/17/25,16:30 (11:30),Manchester Utd,0–1,Arsenal,"73,475",Old Trafford,Simon Hooper,Match Report,,EPL
1,Mon,8/18/25,20:00 (15:00),Leeds United,1–0,Everton,"36,820",Elland Road,Chris Kavanagh,Match Report,,EPL
1,Sat,8/23/25,18:30 (12:30),Sassuolo,0–2,Napoli,"19,106",Mapei Stadium - Città del Tricolore,Giovanni Ayroldi,Match Report,,SerieA
1,Sat,8/23/25,18:30 (12:30),Genoa,0–0,Lecce,"32,576",Stadio Comunale Luigi Ferraris,Davide Massa,Match Report,,SerieA
1,Sat,8/23/25,20:45 (14:45),Roma,1–0,Bologna,"63,681",Stadio Olimpico,Luca Zufferli,Match Report,,SerieA
1,Sat,8/23/25,20:45 (14:45),Milan,1–2,Cremonese,"75,011",Stadio Giuseppe Meazza,Giuseppe Collu,Match Report,,SerieA
1,Sun,8/24/25,18:30 (12:30),Como,2–0,Lazio,"12,055",Stadio Giuseppe Sinigaglia,Gianluca Manganiello,Match Report,,SerieA
1,Sun,8/24/25,18:30 (12:30),Cagliari,1–1,Fiorentina,"15,723",Unipol Domus,Simone Sozza,Match Report,,SerieA
1,Sun,8/24/25,20:45 (14:45),Atalanta,1–1,Pisa,"22,235",New Balance Arena,Alberto Arena,Match Report,,SerieA
1,Sun,8/24/25,20:45 (14:45),Juventus,2–0,Parma,"41,251",Allianz Stadium,Matteo Marcenaro,Match Report,,SerieA
1,Mon,8/25/25,18:30 (12:30),Udinese,1–1,Hellas Verona,"20,706",Bluenergy Stadium,Paride Tremolada,Match Report,,SerieA
1,Mon,8/25/25,20:45 (14:45),Inter,5–0,Torino,"72,332",Stadio Giuseppe Meazza,Federico La Penna,Match Report,,SerieA
2,Fri,8/22/25,20:00 (15:00),West Ham United,1–5,Chelsea,"62,462",London Stadium,Michael Oliver,Match Report,,EPL
2,Sat,8/23/25,12:30 (07:30),Manchester City,0–2,Tottenham Hotspur,"51,785",Etihad Stadium,Peter Bankes,Match Report,,EPL
2,Sat,8/23/25,15:00 (10:00),Bournemouth,1–0,Wolves,"11,070",Vitality Stadium,Thomas Bramall,Match Report,,EPL
2,Sat,8/23/25,15:00 (10:00),Brentford,1–0,Aston Villa,"16,838",Gtech Community Stadium,Tony Harrington,Match Report,,EPL
2,Sat,8/23/25,15:00 (10:00),Burnley,2–0,Sunderland,"21,285",Turf Moor,Michael Salisbury,Match Report,,EPL
2,Sat,8/23/25,17:30 (12:30),Arsenal,5–0,Leeds United,"60,110",Emirates Stadium,Jarred Gillett,Match Report,,EPL
2,Sun,8/24/25,14:00 (09:00),Crystal Palace,1–1,Nottingham Forest,"24,876",Selhurst Park,Anthony Taylor,Match Report,,EPL
2,Sun,8/24/25,14:00 (09:00),Everton,2–0,Brighton,"51,759",Hill Dickinson Stadium,Stuart Attwell,Match Report,,EPL
2,Sun,8/24/25,16:30 (11:30),Fulham,1–1,Manchester Utd,"27,512",Craven Cottage,Chris Kavanagh,Match Report,,EPL
2,Mon,8/25/25,20:00 (15:00),Newcastle United,2–3,Liverpool,"52,230",St James' Park,Simon Hooper,Match Report,,EPL
2,Fri,8/29/25,18:30 (12:30),Cremonese,3–2,Sassuolo,"10,300",Stadio Giovanni Zini,Marco Guida,Match Report,,SerieA
2,Fri,8/29/25,20:45 (14:45),Lecce,0–2,Milan,"28,227",Stadio Comunale Ettore Giardiniero,Livio Marinelli,Match Report,,SerieA
2,Sat,8/30/25,18:30 (12:30),Parma,1–1,Atalanta,"17,212",Stadio Ennio Tardini,Maurizio Mariani,Match Report,,SerieA
2,Sat,8/30/25,18:30 (12:30),Bologna,1–0,Como,"28,369",Stadio Renato Dall'Ara,Daniele Doveri,Match Report,,SerieA
2,Sat,8/30/25,20:45 (14:45),Napoli,1–0,Cagliari,"50,497",Stadio Diego Armando Maradona,Kevin Bonacina,Match Report,,SerieA
2,Sat,8/30/25,20:45 (14:45),Pisa,0–1,Roma,"11,554",Arena Garibaldi - Stadio Romeo Anconetan...,Giuseppe Collu,Match Report,,SerieA
2,Sun,8/31/25,18:30 (12:30),Torino,0–0,Fiorentina,"20,127",Stadio Olimpico Grande Torino,Rosario Abisso,Match Report,,SerieA
2,Sun,8/31/25,18:30 (12:30),Genoa,0–1,Juventus,"33,522",Stadio Comunale Luigi Ferraris,Daniele Chiffi,Match Report,,SerieA
2,Sun,8/31/25,20:45 (14:45),Inter,1–2,Udinese,"70,796",Stadio Giuseppe Meazza,Matteo Marchetti,Match Report,,SerieA
2,Sun,8/31/25,20:45 (14:45),Lazio,4–0,Hellas Verona,"43,603",Stadio Olimpico,Valerio Crezzini,Match Report,,SerieA
3,Sat,8/30/25,12:30 (07:30),Chelsea,2–0,Fulham,"39,745",Stamford Bridge,Robert Jones,Match Report,,EPL
3,Sat,8/30/25,15:00 (10:00),Wolves,2–3,Everton,"30,271",Molineux Stadium,Michael Oliver,Match Report,,EPL
3,Sat,8/30/25,15:00 (10:00),Manchester Utd,3–2,Burnley,"74,257",Old Trafford,Samuel Barrott,Match Report,,EPL
3,Sat,8/30/25,15:00 (10:00),Sunderland,2–1,Brentford,"46,267",Stadium of Light,Anthony Taylor,Match Report,,EPL
3,Sat,8/30/25,15:00 (10:00),Tottenham Hotspur,0–1,Bournemouth,"61,250",Tottenham Hotspur Stadium,Simon Hooper,Match Report,,EPL
3,Sat,8/30/25,17:30 (12:30),Leeds United,0–0,Newcastle United,"36,727",Elland Road,Peter Bankes,Match Report,,EPL
3,Sun,8/31/25,14:00 (09:00),Nottingham Forest,0–3,West Ham United,"30,215",The City Ground,Craig Pawson,Match Report,,EPL
3,Sun,8/31/25,14:00 (09:00),Brighton,2–1,Manchester City,"31,485",The American Express Stadium,Darren England,Match Report,,EPL
3,Sun,8/31/25,16:30 (11:30),Liverpool,1–0,Arsenal,"60,455",Anfield,Chris Kavanagh,Match Report,,EPL
3,Sun,8/31/25,19:00 (14:00),Aston Villa,0–3,Crystal Palace,"41,036",Villa Park,Stuart Attwell,Match Report,,EPL
3,Sat,9/13/25,15:00 (09:00),Cagliari,2–0,Parma,"16,078",Unipol Domus,Francesco Fourneau,Match Report,,SerieA
3,Sat,9/13/25,18:00 (12:00),Juventus,4–3,Inter,"41,664",Allianz Stadium,Andrea Colombo,Match Report,,SerieA
3,Sat,9/13/25,20:45 (14:45),Fiorentina,1–3,Napoli,"21,579",Stadio Artemio Franchi,Luca Zufferli,Match Report,,SerieA
3,Sun,9/14/25,12:30 (06:30),Roma,0–1,Torino,"62,635",Stadio Olimpico,Giovanni Ayroldi,Match Report,,SerieA
3,Sun,9/14/25,15:00 (09:00),Atalanta,4–1,Lecce,"21,261",New Balance Arena,Gianluca Manganiello,Match Report,,SerieA
3,Sun,9/14/25,15:00 (09:00),Pisa,0–1,Udinese,"11,126",Arena Garibaldi - Stadio Romeo Anconetan...,Davide Massa,Match Report,,SerieA
3,Sun,9/14/25,18:00 (12:00),Sassuolo,1–0,Lazio,"15,016",Mapei Stadium - Città del Tricolore,Paride Tremolada,Match Report,,SerieA
3,Sun,9/14/25,20:45 (14:45),Milan,1–0,Bologna,"69,593",Stadio Giuseppe Meazza,Matteo Marcenaro,Match Report,,SerieA
3,Mon,9/15/25,18:30 (12:30),Hellas Verona,0–0,Cremonese,"21,406",Stadio Marc'Antonio Bentegodi,Alberto Arena,Match Report,,SerieA
3,Mon,9/15/25,20:45 (14:45),Como,1–1,Genoa,"11,858",Stadio Giuseppe Sinigaglia,Marco Piccinini,Match Report,,SerieA
4,Sat,9/13/25,12:30 (07:30),Arsenal,3–0,Nottingham Forest,"60,167",Emirates Stadium,Darren England,Match Report,,EPL
4,Sat,9/13/25,15:00 (10:00),Newcastle United,1–0,Wolves,"52,145",St James' Park,Chris Kavanagh,Match Report,,EPL
4,Sat,9/13/25,15:00 (10:00),Fulham,1–0,Leeds United,"27,327",Craven Cottage,Craig Pawson,Match Report,,EPL
4,Sat,9/13/25,15:00 (10:00),Crystal Palace,0–0,Sunderland,"25,154",Selhurst Park,Thomas Bramall,Match Report,,EPL
4,Sat,9/13/25,15:00 (10:00),Everton,0–0,Aston Villa,"52,114",Hill Dickinson Stadium,Simon Hooper,Match Report,,EPL
4,Sat,9/13/25,15:00 (10:00),Bournemouth,2–1,Brighton,"11,167",Vitality Stadium,Peter Bankes,Match Report,,EPL
4,Sat,9/13/25,17:30 (12:30),West Ham United,0–3,Tottenham Hotspur,"62,459",London Stadium,Jarred Gillett,Match Report,,EPL
4,Sat,9/13/25,20:00 (15:00),Brentford,2–2,Chelsea,"16,795",Gtech Community Stadium,Stuart Attwell,Match Report,,EPL
4,Sun,9/14/25,14:00 (09:00),Burnley,0–1,Liverpool,"21,678",Turf Moor,Michael Oliver,Match Report,,EPL
4,Sun,9/14/25,16:30 (11:30),Manchester City,3–0,Manchester Utd,"52,534",Etihad Stadium,Anthony Taylor,Match Report,,EPL
4,Fri,9/19/25,20:45 (14:45),Lecce,1–2,Cagliari,"26,219",Stadio Comunale Ettore Giardiniero,Luca Zufferli,Match Report,,SerieA
4,Sat,9/20/25,15:00 (09:00),Bologna,2–1,Genoa,"27,976",Stadio Renato Dall'Ara,Giuseppe Collu,Match Report,,SerieA
4,Sat,9/20/25,18:00 (12:00),Hellas Verona,1–1,Juventus,"27,783",Stadio Marc'Antonio Bentegodi,Antonio Rapuano,Match Report,,SerieA
4,Sat,9/20/25,20:45 (14:45),Udinese,0–3,Milan,"24,201",Bluenergy Stadium,Daniele Doveri,Match Report,,SerieA
4,Sun,9/21/25,12:30 (06:30),Lazio,0–1,Roma,"61,000",Stadio Olimpico,Simone Sozza,Match Report,,SerieA
4,Sun,9/21/25,15:00 (09:00),Cremonese,0–0,Parma,"13,548",Stadio Giovanni Zini,Federico La Penna,Match Report,,SerieA
4,Sun,9/21/25,15:00 (09:00),Torino,0–3,Atalanta,"18,259",Stadio Olimpico Grande Torino,Andrea Colombo,Match Report,,SerieA
4,Sun,9/21/25,18:00 (12:00),Fiorentina,1–2,Como,"21,158",Stadio Artemio Franchi,Kevin Bonacina,Match Report,,SerieA
4,Sun,9/21/25,20:45 (14:45),Inter,2–1,Sassuolo,"68,852",Stadio Giuseppe Meazza,Livio Marinelli,Match Report,,SerieA
4,Mon,9/22/25,20:45 (14:45),Napoli,3–2,Pisa,"50,312",Stadio Diego Armando Maradona,Valerio Crezzini,Match Report,,SerieA
5,Sat,9/20/25,12:30 (07:30),Liverpool,2–1,Everton,"60,342",Anfield,Darren England,Match Report,,EPL
5,Sat,9/20/25,15:00 (10:00),Wolves,1–3,Leeds United,"30,807",Molineux Stadium,Anthony Taylor,Match Report,,EPL
5,Sat,9/20/25,15:00 (10:00),Brighton,2–2,Tottenham Hotspur,"31,488",The American Express Stadium,Chris Kavanagh,Match Report,,EPL
5,Sat,9/20/25,15:00 (10:00),Burnley,1–1,Nottingham Forest,"21,475",Turf Moor,Thomas Bramall,Match Report,,EPL
5,Sat,9/20/25,15:00 (10:00),West Ham United,1–2,Crystal Palace,"62,455",London Stadium,Tony Harrington,Match Report,,EPL
5,Sat,9/20/25,17:30 (12:30),Manchester Utd,2–1,Chelsea,"74,124",Old Trafford,Peter Bankes,Match Report,,EPL
5,Sat,9/20/25,20:00 (15:00),Fulham,3–1,Brentford,"26,113",Craven Cottage,Michael Oliver,Match Report,,EPL
5,Sun,9/21/25,14:00 (09:00),Bournemouth,0–0,Newcastle United,"11,212",Vitality Stadium,Robert Jones,Match Report,,EPL
5,Sun,9/21/25,14:00 (09:00),Sunderland,1–1,Aston Villa,"46,261",Stadium of Light,Samuel Barrott,Match Report,,EPL
5,Sun,9/21/25,16:30 (11:30),Arsenal,1–1,Manchester City,"60,161",Emirates Stadium,Stuart Attwell,Match Report,,EPL
5,Sat,9/27/25,15:00 (09:00),Como,1–1,Cremonese,"10,534",Stadio Giuseppe Sinigaglia,Marco Di Bello,Match Report,,SerieA
5,Sat,9/27/25,18:00 (12:00),Juventus,1–1,Atalanta,"40,893",Allianz Stadium,Simone Sozza,Match Report,,SerieA
5,Sat,9/27/25,20:45 (14:45),Cagliari,0–2,Inter,"16,282",Unipol Domus,Marco Piccinini,Match Report,,SerieA
5,Sun,9/28/25,12:30 (06:30),Sassuolo,3–1,Udinese,"11,160",Mapei Stadium - Città del Tricolore,Daniele Perenzoni,Match Report,,SerieA
5,Sun,9/28/25,15:00 (09:00),Pisa,0–0,Fiorentina,"11,210",Arena Garibaldi - Stadio Romeo Anconetan...,Gianluca Manganiello,Match Report,,SerieA
5,Sun,9/28/25,15:00 (09:00),Roma,2–0,Hellas Verona,"62,334",Stadio Olimpico,Ermanno Feliciani,Match Report,,SerieA
5,Sun,9/28/25,18:00 (12:00),Lecce,2–2,Bologna,"24,548",Stadio Comunale Ettore Giardiniero,Francesco Fourneau,Match Report,,SerieA
5,Sun,9/28/25,20:45 (14:45),Milan,2–1,Napoli,"73,754",Stadio Giuseppe Meazza,Daniele Chiffi,Match Report,,SerieA
5,Mon,9/29/25,18:30 (12:30),Parma,2–1,Torino,"17,006",Stadio Ennio Tardini,Giuseppe Collu,Match Report,,SerieA
5,Mon,9/29/25,20:45 (14:45),Genoa,0–3,Lazio,"30,824",Stadio Comunale Luigi Ferraris,Giovanni Ayroldi,Match Report,,SerieA
6,Sat,9/27/25,12:30 (07:30),Brentford,3–1,Manchester Utd,"17,193",Gtech Community Stadium,Craig Pawson,Match Report,,EPL
6,Sat,9/27/25,15:00 (10:00),Crystal Palace,2–1,Liverpool,"25,118",Selhurst Park,Chris Kavanagh,Match Report,,EPL
6,Sat,9/27/25,15:00 (10:00),Manchester City,5–1,Burnley,"52,427",Etihad Stadium,Robert Jones,Match Report,,EPL
6,Sat,9/27/25,15:00 (10:00),Chelsea,1–3,Brighton,"39,597",Stamford Bridge,Simon Hooper,Match Report,,EPL
6,Sat,9/27/25,15:00 (10:00),Leeds United,2–2,Bournemouth,"36,574",Elland Road,Michael Oliver,Match Report,,EPL
6,Sat,9/27/25,17:30 (12:30),Nottingham Forest,0–1,Sunderland,"30,226",The City Ground,Tony Harrington,Match Report,,EPL
6,Sat,9/27/25,20:00 (15:00),Tottenham Hotspur,1–1,Wolves,"60,537",Tottenham Hotspur Stadium,Michael Salisbury,Match Report,,EPL
6,Sun,9/28/25,14:00 (09:00),Aston Villa,3–1,Fulham,"40,350",Villa Park,Andy Madley,Match Report,,EPL
6,Sun,9/28/25,16:30 (11:30),Newcastle United,1–2,Arsenal,"52,199",St James' Park,Jarred Gillett,Match Report,,EPL
6,Mon,9/29/25,20:00 (15:00),Everton,1–1,West Ham United,"51,890",Hill Dickinson Stadium,Samuel Barrott,Match Report,,EPL
6,Fri,10/3/25,20:45 (14:45),Hellas Verona,0–1,Sassuolo,"21,963",Stadio Marc'Antonio Bentegodi,Francesco Fourneau,Match Report,,SerieA
6,Sat,10/4/25,15:00 (09:00),Parma,0–1,Lecce,"19,580",Stadio Ennio Tardini,Daniele Doveri,Match Report,,SerieA
6,Sat,10/4/25,15:00 (09:00),Lazio,3–3,Torino,"36,000",Stadio Olimpico,Marco Piccinini,Match Report,,SerieA
6,Sat,10/4/25,18:00 (12:00),Inter,4–1,Cremonese,"70,750",Stadio Giuseppe Meazza,Ermanno Feliciani,Match Report,,SerieA
6,Sat,10/4/25,20:45 (14:45),Atalanta,1–1,Como,"23,042",New Balance Arena,Luca Zufferli,Match Report,,SerieA
6,Sun,10/5/25,12:30 (06:30),Udinese,1–1,Cagliari,"18,159",Bluenergy Stadium,Alberto Arena,Match Report,,SerieA
6,Sun,10/5/25,15:00 (09:00),Bologna,4–0,Pisa,"27,972",Stadio Renato Dall'Ara,Rosario Abisso,Match Report,,SerieA
6,Sun,10/5/25,15:00 (09:00),Fiorentina,1–2,Roma,"20,548",Stadio Artemio Franchi,Andrea Colombo,Match Report,,SerieA
6,Sun,10/5/25,18:00 (12:00),Napoli,2–1,Genoa,"50,000",Stadio Diego Armando Maradona,Federico La Penna,Match Report,,SerieA
6,Sun,10/5/25,20:45 (14:45),Juventus,0–0,Milan,"41,328",Allianz Stadium,Marco Guida,Match Report,,SerieA
7,Fri,10/3/25,20:00 (15:00),Bournemouth,3–1,Fulham,"11,165",Vitality Stadium,Simon Hooper,Match Report,,EPL
7,Sat,10/4/25,12:30 (07:30),Leeds United,1–2,Tottenham Hotspur,"36,703",Elland Road,Thomas Bramall,Match Report,,EPL
7,Sat,10/4/25,15:00 (10:00),Arsenal,2–0,West Ham United,"60,181",Emirates Stadium,John Brooks,Match Report,,EPL
7,Sat,10/4/25,15:00 (10:00),Manchester Utd,2–0,Sunderland,"74,004",Old Trafford,Stuart Attwell,Match Report,,EPL
7,Sat,10/4/25,17:30 (12:30),Chelsea,2–1,Liverpool,"39,538",Stamford Bridge,Anthony Taylor,Match Report,,EPL
7,Sun,10/5/25,14:00 (09:00),Wolves,1–1,Brighton,"29,504",Molineux Stadium,Jarred Gillett,Match Report,,EPL
7,Sun,10/5/25,14:00 (09:00),Everton,2–1,Crystal Palace,"51,770",Hill Dickinson Stadium,Michael Salisbury,Match Report,,EPL
7,Sun,10/5/25,14:00 (09:00),Aston Villa,2–1,Burnley,"40,308",Villa Park,Andrew Kitchen,Match Report,,EPL
7,Sun,10/5/25,14:00 (09:00),Newcastle United,2–0,Nottingham Forest,"52,189",St James' Park,Peter Bankes,Match Report,,EPL
7,Sun,10/5/25,16:30 (11:30),Brentford,0–1,Manchester City,"17,028",Gtech Community Stadium,Darren England,Match Report,,EPL
7,Sat,10/18/25,15:00 (09:00),Pisa,0–0,Hellas Verona,"11,557",Arena Garibaldi - Stadio Romeo Anconetan...,Marco Guida,Match Report,,SerieA
7,Sat,10/18/25,15:00 (09:00),Lecce,0–0,Sassuolo,"25,307",Stadio Comunale Ettore Giardiniero,Valerio Crezzini,Match Report,,SerieA
7,Sat,10/18/25,18:00 (12:00),Torino,1–0,Napoli,"26,802",Stadio Olimpico Grande Torino,Matteo Marcenaro,Match Report,,SerieA
7,Sat,10/18/25,20:45 (14:45),Roma,0–1,Inter,"65,849",Stadio Olimpico,Davide Massa,Match Report,,SerieA
7,Sun,10/19/25,12:30 (06:30),Como,2–0,Juventus,"12,039",Stadio Giuseppe Sinigaglia,Giovanni Ayroldi,Match Report,,SerieA
7,Sun,10/19/25,15:00 (09:00),Cagliari,0–2,Bologna,"16,168",Unipol Domus,Matteo Marchetti,Match Report,,SerieA
7,Sun,10/19/25,15:00 (09:00),Genoa,0–0,Parma,"30,636",Stadio Comunale Luigi Ferraris,Simone Sozza,Match Report,,SerieA
7,Sun,10/19/25,18:00 (12:00),Atalanta,0–0,Lazio,"22,342",New Balance Arena,Giuseppe Collu,Match Report,,SerieA
7,Sun,10/19/25,20:45 (14:45),Milan,2–1,Fiorentina,"71,475",Stadio Giuseppe Meazza,Livio Marinelli,Match Report,,SerieA
7,Mon,10/20/25,20:45 (14:45),Cremonese,1–1,Udinese,"10,860",Stadio Giovanni Zini,Michael Fabbri,Match Report,,SerieA
8,Sat,10/18/25,12:30 (07:30),Nottingham Forest,0–3,Chelsea,"30,495",The City Ground,Chris Kavanagh,Match Report,,EPL
8,Sat,10/18/25,15:00 (10:00),Sunderland,2–0,Wolves,"46,578",Stadium of Light,Robert Jones,Match Report,,EPL
8,Sat,10/18/25,15:00 (10:00),Burnley,2–0,Leeds United,"21,646",Turf Moor,Tim Robinson,Match Report,,EPL
8,Sat,10/18/25,15:00 (10:00),Brighton,2–1,Newcastle United,"31,620",The American Express Stadium,Craig Pawson,Match Report,,EPL
8,Sat,10/18/25,15:00 (10:00),Crystal Palace,3–3,Bournemouth,"25,125",Selhurst Park,Jarred Gillett,Match Report,,EPL
8,Sat,10/18/25,15:00 (10:00),Manchester City,2–0,Everton,"52,498",Etihad Stadium,Tony Harrington,Match Report,,EPL
8,Sat,10/18/25,17:30 (12:30),Fulham,0–1,Arsenal,"27,736",Craven Cottage,Anthony Taylor,Match Report,,EPL
8,Sun,10/19/25,14:00 (09:00),Tottenham Hotspur,1–2,Aston Villa,"61,291",Tottenham Hotspur Stadium,Simon Hooper,Match Report,,EPL
8,Sun,10/19/25,16:30 (11:30),Liverpool,1–2,Manchester Utd,"60,337",Anfield,Michael Oliver,Match Report,,EPL
8,Mon,10/20/25,20:00 (15:00),West Ham United,0–2,Brentford,"62,452",London Stadium,Andy Madley,Match Report,,EPL
8,Fri,10/24/25,20:45 (14:45),Milan,2–2,Pisa,"72,615",Stadio Giuseppe Meazza,Luca Zufferli,Match Report,,SerieA
8,Sat,10/25/25,15:00 (09:00),Udinese,3–2,Lecce,"21,441",Bluenergy Stadium,Ermanno Feliciani,Match Report,,SerieA
8,Sat,10/25/25,15:00 (09:00),Parma,0–0,Como,"18,116",Stadio Ennio Tardini,Daniele Chiffi,Match Report,,SerieA
8,Sat,10/25/25,18:00 (12:00),Napoli,3–1,Inter,"54,200",Stadio Diego Armando Maradona,Maurizio Mariani,Match Report,,SerieA
8,Sat,10/25/25,20:45 (14:45),Cremonese,1–1,Atalanta,"11,052",Stadio Giovanni Zini,Alberto Arena,Match Report,,SerieA
8,Sun,10/26/25,12:30 (07:30),Torino,2–1,Genoa,"23,365",Stadio Olimpico Grande Torino,Kevin Bonacina,Match Report,,SerieA
8,Sun,10/26/25,15:00 (10:00),Sassuolo,0–1,Roma,"19,674",Mapei Stadium - Città del Tricolore,Gianluca Manganiello,Match Report,,SerieA
8,Sun,10/26/25,15:00 (10:00),Hellas Verona,2–2,Cagliari,"24,344",Stadio Marc'Antonio Bentegodi,Federico Dionisi,Match Report,,SerieA
8,Sun,10/26/25,18:00 (13:00),Fiorentina,2–2,Bologna,"19,445",Stadio Artemio Franchi,Federico La Penna,Match Report,,SerieA
8,Sun,10/26/25,20:45 (15:45),Lazio,1–0,Juventus,"54,000",Stadio Olimpico,Andrea Colombo,Match Report,,SerieA
9,Fri,10/24/25,20:00 (15:00),Leeds United,2–1,West Ham United,"36,788",Elland Road,Stuart Attwell,Match Report,,EPL
9,Sat,10/25/25,15:00 (10:00),Newcastle United,2–1,Fulham,"52,152",St James' Park,Peter Bankes,Match Report,,EPL
9,Sat,10/25/25,15:00 (10:00),Chelsea,1–2,Sunderland,"39,489",Stamford Bridge,Andy Madley,Match Report,,EPL
9,Sat,10/25/25,17:30 (12:30),Manchester Utd,4–2,Brighton,"74,124",Old Trafford,Anthony Taylor,Match Report,,EPL
9,Sat,10/25/25,20:00 (15:00),Brentford,3–2,Liverpool,"17,214",Gtech Community Stadium,Simon Hooper,Match Report,,EPL
9,Sun,10/26/25,14:00 (10:00),Arsenal,1–0,Crystal Palace,"60,103",Emirates Stadium,Thomas Bramall,Match Report,,EPL
9,Sun,10/26/25,14:00 (10:00),Aston Villa,1–0,Manchester City,"41,988",Villa Park,Michael Oliver,Match Report,,EPL
9,Sun,10/26/25,14:00 (10:00),Wolves,2–3,Burnley,"29,116",Molineux Stadium,Tony Harrington,Match Report,,EPL
9,Sun,10/26/25,14:00 (10:00),Bournemouth,2–0,Nottingham Forest,"11,204",Vitality Stadium,Samuel Barrott,Match Report,,EPL
9,Sun,10/26/25,16:30 (12:30),Everton,0–3,Tottenham Hotspur,"51,781",Hill Dickinson Stadium,Craig Pawson,Match Report,,EPL
9,Tue,10/28/25,18:30 (13:30),Lecce,0–1,Napoli,"25,569",Stadio Comunale Ettore Giardiniero,Giuseppe Collu,Match Report,,SerieA
9,Tue,10/28/25,20:45 (15:45),Atalanta,1–1,Milan,"23,157",New Balance Arena,Daniele Doveri,Match Report,,SerieA
9,Wed,10/29/25,18:30 (13:30),Como,3–1,Hellas Verona,"10,167",Stadio Giuseppe Sinigaglia,Matteo Marcenaro,Match Report,,SerieA
9,Wed,10/29/25,18:30 (13:30),Juventus,3–1,Udinese,"40,034",Allianz Stadium,Marco Di Bello,Match Report,,SerieA
9,Wed,10/29/25,18:30 (13:30),Roma,2–1,Parma,"61,043",Stadio Olimpico,Valerio Crezzini,Match Report,,SerieA
9,Wed,10/29/25,20:45 (15:45),Genoa,0–2,Cremonese,"30,083",Stadio Comunale Luigi Ferraris,Rosario Abisso,Match Report,,SerieA
9,Wed,10/29/25,20:45 (15:45),Inter,3–0,Fiorentina,"71,096",Stadio Giuseppe Meazza,Simone Sozza,Match Report,,SerieA
9,Wed,10/29/25,20:45 (15:45),Bologna,0–0,Torino,"25,691",Stadio Renato Dall'Ara,Giovanni Ayroldi,Match Report,,SerieA
9,Thu,10/30/25,18:30 (13:30),Cagliari,1–2,Sassuolo,"15,563",Unipol Domus,Luca Pairetto,Match Report,,SerieA
9,Thu,10/30/25,20:45 (15:45),Pisa,0–0,Lazio,"10,101",Arena Garibaldi - Stadio Romeo Anconetan...,Davide Massa,Match Report,,SerieA
10,Sat,11/1/25,15:00 (11:00),Crystal Palace,2–0,Brentford,"25,083",Selhurst Park,Peter Bankes,Match Report,,EPL
10,Sat,11/1/25,15:00 (11:00),Nottingham Forest,2–2,Manchester Utd,"30,778",The City Ground,Darren England,Match Report,,EPL
10,Sat,11/1/25,15:00 (11:00),Fulham,3–0,Wolves,"26,413",Craven Cottage,John Brooks,Match Report,,EPL
10,Sat,11/1/25,15:00 (11:00),Burnley,0–2,Arsenal,"21,538",Turf Moor,Chris Kavanagh,Match Report,,EPL
10,Sat,11/1/25,15:00 (11:00),Brighton,3–0,Leeds United,"31,512",The American Express Stadium,Michael Oliver,Match Report,,EPL
10,Sat,11/1/25,17:30 (13:30),Tottenham Hotspur,0–1,Chelsea,"61,202",Tottenham Hotspur Stadium,Jarred Gillett,Match Report,,EPL
10,Sat,11/1/25,20:00 (16:00),Liverpool,2–0,Aston Villa,"60,407",Anfield,Stuart Attwell,Match Report,,EPL
10,Sun,11/2/25,14:00 (09:00),West Ham United,3–1,Newcastle United,"62,441",London Stadium,Robert Jones,Match Report,,EPL
10,Sun,11/2/25,16:30 (11:30),Manchester City,3–1,Bournemouth,"52,387",Etihad Stadium,Anthony Taylor,Match Report,,EPL
10,Mon,11/3/25,20:00 (15:00),Sunderland,1–1,Everton,"41,476",Stadium of Light,Thomas Bramall,Match Report,,EPL
10,Sat,11/1/25,15:00 (10:00),Udinese,1–0,Atalanta,"20,167",Bluenergy Stadium,Michael Fabbri,Match Report,,SerieA
10,Sat,11/1/25,18:00 (13:00),Napoli,0–0,Como,"52,000",Stadio Diego Armando Maradona,Luca Zufferli,Match Report,,SerieA
10,Sat,11/1/25,20:45 (15:45),Cremonese,1–2,Juventus,"14,808",Stadio Giovanni Zini,Daniele Chiffi,Match Report,,SerieA
10,Sun,11/2/25,12:30 (06:30),Hellas Verona,1–2,Inter,"26,696",Stadio Marc'Antonio Bentegodi,Daniele Doveri,Match Report,,SerieA
10,Sun,11/2/25,15:00 (09:00),Torino,2–2,Pisa,"20,034",Stadio Olimpico Grande Torino,Alberto Arena,Match Report,,SerieA
10,Sun,11/2/25,15:00 (09:00),Fiorentina,0–1,Lecce,"18,184",Stadio Artemio Franchi,Antonio Rapuano,Match Report,,SerieA
10,Sun,11/2/25,18:00 (12:00),Parma,1–3,Bologna,"18,672",Stadio Ennio Tardini,Kevin Bonacina,Match Report,,SerieA
10,Sun,11/2/25,20:45 (14:45),Milan,1–0,Roma,"75,048",Stadio Giuseppe Meazza,Marco Guida,Match Report,,SerieA
10,Mon,11/3/25,18:30 (12:30),Sassuolo,1–2,Genoa,"26,696",Mapei Stadium - Città del Tricolore,Ermanno Feliciani,Match Report,,SerieA
10,Mon,11/3/25,20:45 (14:45),Lazio,2–0,Cagliari,"35,000",Stadio Olimpico,Juan Luca Sacchi,Match Report,,SerieA
11,Sat,11/8/25,12:30 (07:30),Tottenham Hotspur,2–2,Manchester Utd,"61,210",Tottenham Hotspur Stadium,Samuel Barrott,Match Report,,EPL
11,Sat,11/8/25,15:00 (10:00),West Ham United,3–2,Burnley,"62,449",London Stadium,Michael Salisbury,Match Report,,EPL
11,Sat,11/8/25,15:00 (10:00),Everton,2–0,Fulham,"52,491",Hill Dickinson Stadium,Andy Madley,Match Report,,EPL
11,Sat,11/8/25,17:30 (12:30),Sunderland,2–2,Arsenal,"46,799",Stadium of Light,Craig Pawson,Match Report,,EPL
11,Sat,11/8/25,20:00 (15:00),Chelsea,3–0,Wolves,"39,467",Stamford Bridge,Andrew Kitchen,Match Report,,EPL
11,Sun,11/9/25,14:00 (09:00),Aston Villa,4–0,Bournemouth,"40,792",Villa Park,John Brooks,Match Report,,EPL
11,Sun,11/9/25,14:00 (09:00),Nottingham Forest,3–1,Leeds United,"30,708",The City Ground,Jarred Gillett,Match Report,,EPL
11,Sun,11/9/25,14:00 (09:00),Crystal Palace,0–0,Brighton,"24,326",Selhurst Park,Tim Robinson,Match Report,,EPL
11,Sun,11/9/25,14:00 (09:00),Brentford,3–1,Newcastle United,"17,207",Gtech Community Stadium,Stuart Attwell,Match Report,,EPL
11,Sun,11/9/25,16:30 (11:30),Manchester City,3–0,Liverpool,"52,432",Etihad Stadium,Chris Kavanagh,Match Report,,EPL
11,Fri,11/7/25,20:45 (14:45),Pisa,1–0,Cremonese,"10,728",Arena Garibaldi - Stadio Romeo Anconetan...,Matteo Marcenaro,Match Report,,SerieA
11,Sat,11/8/25,15:00 (09:00),Lecce,0–0,Hellas Verona,"24,678",Stadio Comunale Ettore Giardiniero,Rosario Abisso,Match Report,,SerieA
11,Sat,11/8/25,15:00 (09:00),Como,0–0,Cagliari,"11,517",Stadio Giuseppe Sinigaglia,Ivan Pezzuto,Match Report,,SerieA
11,Sat,11/8/25,18:00 (12:00),Juventus,0–0,Torino,"41,366",Allianz Stadium,Luca Zufferli,Match Report,,SerieA
11,Sat,11/8/25,20:45 (14:45),Parma,2–2,Milan,"22,064",Stadio Ennio Tardini,Marco Di Bello,Match Report,,SerieA
11,Sun,11/9/25,12:30 (06:30),Atalanta,0–3,Sassuolo,"21,933",New Balance Arena,Valerio Crezzini,Match Report,,SerieA
11,Sun,11/9/25,15:00 (09:00),Genoa,2–2,Fiorentina,"31,449",Stadio Comunale Luigi Ferraris,Marco Guida,Match Report,,SerieA
11,Sun,11/9/25,15:00 (09:00),Bologna,2–0,Napoli,"33,174",Stadio Renato Dall'Ara,Daniele Chiffi,Match Report,,SerieA
11,Sun,11/9/25,18:00 (12:00),Roma,2–0,Udinese,"61,684",Stadio Olimpico,Giuseppe Collu,Match Report,,SerieA
11,Sun,11/9/25,20:45 (14:45),Inter,2–0,Lazio,"71,060",Stadio Giuseppe Meazza,Gianluca Manganiello,Match Report,,SerieA
12,Sat,11/22/25,12:30 (07:30),Burnley,0–2,Chelsea,"21,499",Turf Moor,Peter Bankes,Match Report,,EPL
12,Sat,11/22/25,15:00 (10:00),Bournemouth,2–2,West Ham United,"11,216",Vitality Stadium,Thomas Bramall,Match Report,,EPL
12,Sat,11/22/25,15:00 (10:00),Fulham,1–0,Sunderland,"27,560",Craven Cottage,Darren England,Match Report,,EPL
12,Sat,11/22/25,15:00 (10:00),Wolves,0–2,Crystal Palace,"29,976",Molineux Stadium,Anthony Taylor,Match Report,,EPL
12,Sat,11/22/25,15:00 (10:00),Liverpool,0–3,Nottingham Forest,"60,419",Anfield,Andy Madley,Match Report,,EPL
12,Sat,11/22/25,15:00 (10:00),Brighton,2–1,Brentford,"31,458",The American Express Stadium,Chris Kavanagh,Match Report,,EPL
12,Sat,11/22/25,17:30 (12:30),Newcastle United,2–1,Manchester City,"52,181",St James' Park,Samuel Barrott,Match Report,,EPL
12,Sun,11/23/25,14:00 (09:00),Leeds United,1–2,Aston Villa,"36,819",Elland Road,Robert Jones,Match Report,,EPL
12,Sun,11/23/25,16:30 (11:30),Arsenal,4–1,Tottenham Hotspur,"60,345",Emirates Stadium,Michael Oliver,Match Report,,EPL
12,Mon,11/24/25,20:00 (15:00),Manchester Utd,0–1,Everton,"74,158",Old Trafford,Tony Harrington,Match Report,,EPL
12,Sat,11/22/25,15:00 (09:00),Cagliari,3–3,Genoa,"15,575",Unipol Domus,Federico La Penna,Match Report,,SerieA
12,Sat,11/22/25,15:00 (09:00),Udinese,0–3,Bologna,"23,756",Bluenergy Stadium,Juan Luca Sacchi,Match Report,,SerieA
12,Sat,11/22/25,18:00 (12:00),Fiorentina,1–1,Juventus,"22,346",Stadio Artemio Franchi,Daniele Doveri,Match Report,,SerieA
12,Sat,11/22/25,20:45 (14:45),Napoli,3–1,Atalanta,"45,000",Stadio Diego Armando Maradona,Marco Di Bello,Match Report,,SerieA
12,Sun,11/23/25,12:30 (06:30),Hellas Verona,1–2,Parma,"26,266",Stadio Marc'Antonio Bentegodi,Luca Pairetto,Match Report,,SerieA
12,Sun,11/23/25,15:00 (09:00),Cremonese,1–3,Roma,"14,666",Stadio Giovanni Zini,Giovanni Ayroldi,Match Report,,SerieA
12,Sun,11/23/25,18:00 (12:00),Lazio,2–0,Lecce,"25,000",Stadio Olimpico,Alberto Arena,Match Report,,SerieA
12,Sun,11/23/25,20:45 (14:45),Inter,0–1,Milan,"75,562",Stadio Giuseppe Meazza,Simone Sozza,Match Report,,SerieA
12,Mon,11/24/25,18:30 (12:30),Torino,1–5,Como,"22,188",Stadio Olimpico Grande Torino,Kevin Bonacina,Match Report,,SerieA
12,Mon,11/24/25,20:45 (14:45),Sassuolo,2–2,Pisa,"9,343",Mapei Stadium - Città del Tricolore,Davide Di Marco,Match Report,,SerieA
13,Sat,11/29/25,15:00 (10:00),Sunderland,3–2,Bournemouth,"46,973",Stadium of Light,Tim Robinson,Match Report,,EPL
13,Sat,11/29/25,15:00 (10:00),Brentford,3–1,Burnley,"17,176",Gtech Community Stadium,Samuel Barrott,Match Report,,EPL
13,Sat,11/29/25,15:00 (10:00),Manchester City,3–2,Leeds United,"52,483",Etihad Stadium,Peter Bankes,Match Report,,EPL
13,Sat,11/29/25,17:30 (12:30),Everton,1–4,Newcastle United,"52,489",Hill Dickinson Stadium,Craig Pawson,Match Report,,EPL
13,Sat,11/29/25,20:00 (15:00),Tottenham Hotspur,1–2,Fulham,"60,546",Tottenham Hotspur Stadium,Stuart Attwell,Match Report,,EPL
13,Sun,11/30/25,12:00 (07:00),Crystal Palace,1–2,Manchester Utd,"25,189",Selhurst Park,Robert Jones,Match Report,,EPL
13,Sun,11/30/25,14:05 (09:05),Nottingham Forest,0–2,Brighton,"30,522",The City Ground,Michael Oliver,Match Report,,EPL
13,Sun,11/30/25,14:05 (09:05),Aston Villa,1–0,Wolves,"42,139",Villa Park,Chris Kavanagh,Match Report,,EPL
13,Sun,11/30/25,14:05 (09:05),West Ham United,0–2,Liverpool,"62,469",London Stadium,Darren England,Match Report,,EPL
13,Sun,11/30/25,16:30 (11:30),Chelsea,1–1,Arsenal,"39,820",Stamford Bridge,Anthony Taylor,Match Report,,EPL
13,Fri,11/28/25,20:45 (14:45),Como,2–0,Sassuolo,"10,243",Stadio Giuseppe Sinigaglia,Matteo Marchetti,Match Report,,SerieA
13,Sat,11/29/25,15:00 (09:00),Parma,0–2,Udinese,"17,232",Stadio Ennio Tardini,Marco Piccinini,Match Report,,SerieA
13,Sat,11/29/25,15:00 (09:00),Genoa,2–1,Hellas Verona,"29,916",Stadio Comunale Luigi Ferraris,Michael Fabbri,Match Report,,SerieA
13,Sat,11/29/25,18:00 (12:00),Juventus,2–1,Cagliari,"39,282",Allianz Stadium,Valerio Crezzini,Match Report,,SerieA
13,Sat,11/29/25,20:45 (14:45),Milan,1–0,Lazio,"73,156",Stadio Giuseppe Meazza,Giuseppe Collu,Match Report,,SerieA
13,Sun,11/30/25,12:30 (06:30),Lecce,2–1,Torino,"24,776",Stadio Comunale Ettore Giardiniero,Maurizio Mariani,Match Report,,SerieA
13,Sun,11/30/25,15:00 (09:00),Pisa,0–2,Inter,"12,542",Arena Garibaldi - Stadio Romeo Anconetan...,Marco Guida,Match Report,,SerieA
13,Sun,11/30/25,18:00 (12:00),Atalanta,2–0,Fiorentina,"21,591",New Balance Arena,Matteo Marcenaro,Match Report,,SerieA
13,Sun,11/30/25,20:45 (14:45),Roma,0–1,Napoli,"63,937",Stadio Olimpico,Davide Massa,Match Report,,SerieA
13,Mon,12/1/25,20:45 (14:45),Bologna,1–3,Cremonese,"25,277",Stadio Renato Dall'Ara,Ermanno Feliciani,Match Report,,SerieA
14,Tue,12/2/25,19:30 (14:30),Bournemouth,0–1,Everton,"11,161",Vitality Stadium,Michael Salisbury,Match Report,,EPL
14,Tue,12/2/25,19:30 (14:30),Fulham,4–5,Manchester City,"26,700",Craven Cottage,Craig Pawson,Match Report,,EPL
14,Tue,12/2/25,20:15 (15:15),Newcastle United,2–2,Tottenham Hotspur,"52,007",St James' Park,Thomas Bramall,Match Report,,EPL
14,Wed,12/3/25,19:30 (14:30),Wolves,0–1,Nottingham Forest,"28,646",Molineux Stadium,Tim Robinson,Match Report,,EPL
14,Wed,12/3/25,19:30 (14:30),Arsenal,2–0,Brentford,"60,110",Emirates Stadium,Tony Harrington,Match Report,,EPL
14,Wed,12/3/25,19:30 (14:30),Brighton,3–4,Aston Villa,"31,247",The American Express Stadium,Andy Madley,Match Report,,EPL
14,Wed,12/3/25,19:30 (14:30),Burnley,0–1,Crystal Palace,"19,365",Turf Moor,Thomas Kirk,Match Report,,EPL
14,Wed,12/3/25,20:15 (15:15),Liverpool,1–1,Sunderland,"60,146",Anfield,Stuart Attwell,Match Report,,EPL
14,Wed,12/3/25,20:15 (15:15),Leeds United,3–1,Chelsea,"36,767",Elland Road,Darren England,Match Report,,EPL
14,Thu,12/4/25,20:00 (15:00),Manchester Utd,1–1,West Ham United,"73,938",Old Trafford,Andrew Kitchen,Match Report,,EPL
14,Sat,12/6/25,15:00 (09:00),Sassuolo,3–1,Fiorentina,"14,285",Mapei Stadium - Città del Tricolore,Luca Pairetto,Match Report,,SerieA
14,Sat,12/6/25,18:00 (12:00),Inter,4–0,Como,"75,022",Stadio Giuseppe Meazza,Marco Di Bello,Match Report,,SerieA
14,Sat,12/6/25,20:45 (14:45),Hellas Verona,3–1,Atalanta,"20,949",Stadio Marc'Antonio Bentegodi,Maurizio Mariani,Match Report,,SerieA
14,Sun,12/7/25,12:30 (06:30),Cremonese,2–0,Lecce,"13,276",Stadio Giovanni Zini,Giuseppe Mucera,Match Report,,SerieA
14,Sun,12/7/25,15:00 (09:00),Cagliari,1–0,Roma,"16,255",Unipol Domus,Luca Zufferli,Match Report,,SerieA
14,Sun,12/7/25,18:00 (12:00),Lazio,1–1,Bologna,"43,325",Stadio Olimpico,Michael Fabbri,Match Report,,SerieA
14,Sun,12/7/25,20:45 (14:45),Napoli,2–1,Juventus,"53,000",Stadio Diego Armando Maradona,Federico La Penna,Match Report,,SerieA
14,Mon,12/8/25,15:00 (09:00),Pisa,0–1,Parma,"11,626",Arena Garibaldi - Stadio Romeo Anconetan...,Daniele Doveri,Match Report,,SerieA
14,Mon,12/8/25,18:00 (12:00),Udinese,1–2,Genoa,"23,356",Bluenergy Stadium,Fabio Maresca,Match Report,,SerieA
14,Mon,12/8/25,20:45 (14:45),Torino,2–3,Milan,"25,000",Stadio Olimpico Grande Torino,Daniele Chiffi,Match Report,,SerieA
15,Sat,12/6/25,12:30 (07:30),Aston Villa,2–1,Arsenal,"42,888",Villa Park,Peter Bankes,Match Report,,EPL
15,Sat,12/6/25,15:00 (10:00),Newcastle United,2–1,Burnley,"52,041",St James' Park,Stuart Attwell,Match Report,,EPL
15,Sat,12/6/25,15:00 (10:00),Tottenham Hotspur,2–0,Brentford,"60,759",Tottenham Hotspur Stadium,Robert Jones,Match Report,,EPL
15,Sat,12/6/25,15:00 (10:00),Bournemouth,0–0,Chelsea,"11,240",Vitality Stadium,Michael Oliver,Match Report,,EPL
15,Sat,12/6/25,15:00 (10:00),Everton,3–0,Nottingham Forest,"52,501",Hill Dickinson Stadium,Chris Kavanagh,Match Report,,EPL
15,Sat,12/6/25,15:00 (10:00),Manchester City,3–0,Sunderland,"52,436",Etihad Stadium,Andy Madley,Match Report,,EPL
15,Sat,12/6/25,17:30 (12:30),Leeds United,3–3,Liverpool,"36,842",Elland Road,Anthony Taylor,Match Report,,EPL
15,Sun,12/7/25,14:00 (09:00),Brighton,1–1,West Ham United,"31,293",The American Express Stadium,Simon Hooper,Match Report,,EPL
15,Sun,12/7/25,16:30 (11:30),Fulham,1–2,Crystal Palace,"27,283",Craven Cottage,Samuel Barrott,Match Report,,EPL
15,Mon,12/8/25,20:00 (15:00),Wolves,1–4,Manchester Utd,"30,338",Molineux Stadium,Michael Salisbury,Match Report,,EPL
15,Fri,12/12/25,20:45 (14:45),Lecce,1–0,Pisa,"24,332",Stadio Comunale Ettore Giardiniero,Juan Luca Sacchi,Match Report,,SerieA
15,Sat,12/13/25,15:00 (09:00),Torino,1–0,Cremonese,"18,297",Stadio Olimpico Grande Torino,Livio Marinelli,Match Report,,SerieA
15,Sat,12/13/25,18:00 (12:00),Parma,0–1,Lazio,"19,893",Stadio Ennio Tardini,Matteo Marchetti,Match Report,,SerieA
15,Sat,12/13/25,20:45 (14:45),Atalanta,2–1,Cagliari,"21,695",New Balance Arena,Davide Di Marco,Match Report,,SerieA
15,Sun,12/14/25,12:30 (06:30),Milan,2–2,Sassuolo,"73,446",Stadio Giuseppe Meazza,Valerio Crezzini,Match Report,,SerieA
15,Sun,12/14/25,15:00 (09:00),Udinese,1–0,Napoli,"24,502",Bluenergy Stadium,Simone Sozza,Match Report,,SerieA
15,Sun,12/14/25,15:00 (09:00),Fiorentina,1–2,Hellas Verona,"20,967",Stadio Artemio Franchi,Andrea Colombo,Match Report,,SerieA
15,Sun,12/14/25,18:00 (12:00),Genoa,1–2,Inter,"30,000",Stadio Comunale Luigi Ferraris,Daniele Doveri,Match Report,,SerieA
15,Sun,12/14/25,20:45 (14:45),Bologna,0–1,Juventus,"30,000",Stadio Renato Dall'Ara,Davide Massa,Match Report,,SerieA
15,Mon,12/15/25,20:45 (14:45),Roma,1–0,Como,"60,207",Stadio Olimpico,Ermanno Feliciani,Match Report,,SerieA
16,Sat,12/13/25,15:00 (10:00),Liverpool,2–0,Brighton,"60,429",Anfield,Craig Pawson,Match Report,,EPL
16,Sat,12/13/25,15:00 (10:00),Chelsea,2–0,Everton,"39,552",Stamford Bridge,Thomas Bramall,Match Report,,EPL
16,Sat,12/13/25,17:30 (12:30),Burnley,2–3,Fulham,"19,739",Turf Moor,Michael Oliver,Match Report,,EPL
16,Sat,12/13/25,20:00 (15:00),Arsenal,2–1,Wolves,"60,242",Emirates Stadium,Robert Jones,Match Report,,EPL
16,Sun,12/14/25,14:00 (09:00),West Ham United,2–3,Aston Villa,"62,447",London Stadium,Anthony Taylor,Match Report,,EPL
16,Sun,12/14/25,14:00 (09:00),Sunderland,1–0,Newcastle United,"47,158",Stadium of Light,Peter Bankes,Match Report,,EPL
16,Sun,12/14/25,14:00 (09:00),Nottingham Forest,3–0,Tottenham Hotspur,"30,579",The City Ground,Samuel Barrott,Match Report,,EPL
16,Sun,12/14/25,14:00 (09:00),Crystal Palace,0–3,Manchester City,"25,166",Selhurst Park,Darren England,Match Report,,EPL
16,Sun,12/14/25,16:30 (11:30),Brentford,1–1,Leeds United,"17,159",Gtech Community Stadium,John Brooks,Match Report,,EPL
16,Mon,12/15/25,20:00 (15:00),Manchester Utd,4–4,Bournemouth,"73,951",Old Trafford,Simon Hooper,Match Report,,EPL
16,Sat,12/20/25,18:00 (12:00),Lazio,0–0,Cremonese,"37,000",Stadio Olimpico,Luca Pairetto,Match Report,,SerieA
16,Sat,12/20/25,20:45 (14:45),Juventus,2–1,Roma,"41,602",Allianz Stadium,Simone Sozza,Match Report,,SerieA
16,Sun,12/21/25,12:30 (06:30),Cagliari,2–2,Pisa,"15,880",Unipol Domus,Francesco Fourneau,Match Report,,SerieA
16,Sun,12/21/25,15:00 (09:00),Sassuolo,0–1,Torino,"12,371",Mapei Stadium - Città del Tricolore,Andrea Calzavara,Match Report,,SerieA
16,Sun,12/21/25,18:00 (12:00),Fiorentina,5–1,Udinese,"18,405",Stadio Artemio Franchi,Maurizio Mariani,Match Report,,SerieA
16,Sun,12/21/25,20:45 (14:45),Genoa,0–1,Atalanta,"30,460",Stadio Comunale Luigi Ferraris,Rosario Abisso,Match Report,,SerieA
16,Wed,1/14/26,18:30 (12:30),Napoli,0–0,Parma,"40,000",Stadio Diego Armando Maradona,Michael Fabbri,Match Report,,SerieA
16,Wed,1/14/26,20:45 (14:45),Inter,1–0,Lecce,"69,321",Stadio Giuseppe Meazza,Fabio Maresca,Match Report,,SerieA
16,Thu,1/15/26,18:30 (12:30),Hellas Verona,2–3,Bologna,"17,585",Stadio Marc'Antonio Bentegodi,Maurizio Mariani,Match Report,,SerieA
16,Thu,1/15/26,20:45 (14:45),Como,1–3,Milan,"11,960",Stadio Giuseppe Sinigaglia,Marco Guida,Match Report,,SerieA
17,Sat,12/20/25,12:30 (07:30),Newcastle United,2–2,Chelsea,"52,226",St James' Park,Andy Madley,Match Report,,EPL
17,Sat,12/20/25,15:00 (10:00),Brighton,0–0,Sunderland,"31,426",The American Express Stadium,Darren England,Match Report,,EPL
17,Sat,12/20/25,15:00 (10:00),Wolves,0–2,Brentford,"27,662",Molineux Stadium,Matt Donohue,Match Report,,EPL
17,Sat,12/20/25,15:00 (10:00),Bournemouth,1–1,Burnley,"10,762",Vitality Stadium,Chris Kavanagh,Match Report,,EPL
17,Sat,12/20/25,15:00 (10:00),Manchester City,3–0,West Ham United,"52,454",Etihad Stadium,Paul Tierney,Match Report,,EPL
17,Sat,12/20/25,17:30 (12:30),Tottenham Hotspur,1–2,Liverpool,"61,138",Tottenham Hotspur Stadium,John Brooks,Match Report,,EPL
17,Sat,12/20/25,20:00 (15:00),Leeds United,4–1,Crystal Palace,"36,334",Elland Road,Thomas Bramall,Match Report,,EPL
17,Sat,12/20/25,20:00 (15:00),Everton,0–1,Arsenal,"52,513",Hill Dickinson Stadium,Samuel Barrott,Match Report,,EPL
17,Sun,12/21/25,16:30 (11:30),Aston Villa,2–1,Manchester Utd,"43,157",Villa Park,Michael Oliver,Match Report,,EPL
17,Mon,12/22/25,20:00 (15:00),Fulham,1–0,Nottingham Forest,"26,647",Craven Cottage,Anthony Taylor,Match Report,,EPL
17,Sat,12/27/25,12:30 (06:30),Parma,1–0,Fiorentina,"20,658",Stadio Ennio Tardini,Marco Guida,Match Report,,SerieA
17,Sat,12/27/25,15:00 (09:00),Lecce,0–3,Como,"28,277",Stadio Comunale Ettore Giardiniero,Matteo Marchetti,Match Report,,SerieA
17,Sat,12/27/25,15:00 (09:00),Torino,1–2,Cagliari,"23,218",Stadio Olimpico Grande Torino,Daniele Doveri,Match Report,,SerieA
17,Sat,12/27/25,18:00 (12:00),Udinese,1–1,Lazio,"24,460",Bluenergy Stadium,Andrea Colombo,Match Report,,SerieA
17,Sat,12/27/25,20:45 (14:45),Pisa,0–2,Juventus,"12,640",Arena Garibaldi - Stadio Romeo Anconetan...,Fabio Maresca,Match Report,,SerieA
17,Sun,12/28/25,12:30 (06:30),Milan,3–0,Hellas Verona,"74,618",Stadio Giuseppe Meazza,Michael Fabbri,Match Report,,SerieA
17,Sun,12/28/25,15:00 (09:00),Cremonese,0–2,Napoli,"14,236",Stadio Giovanni Zini,Maurizio Mariani,Match Report,,SerieA
17,Sun,12/28/25,18:00 (12:00),Bologna,1–1,Sassuolo,"27,832",Stadio Renato Dall'Ara,Juan Luca Sacchi,Match Report,,SerieA
17,Sun,12/28/25,20:45 (14:45),Atalanta,0–1,Inter,"23,243",New Balance Arena,Federico La Penna,Match Report,,SerieA
17,Mon,12/29/25,20:45 (14:45),Roma,3–1,Genoa,"67,785",Stadio Olimpico,Marco Di Bello,Match Report,,SerieA
18,Fri,12/26/25,20:00 (15:00),Manchester Utd,1–0,Newcastle United,"73,996",Old Trafford,Anthony Taylor,Match Report,,EPL
18,Sat,12/27/25,12:30 (07:30),Nottingham Forest,1–2,Manchester City,"30,778",The City Ground,Robert Jones,Match Report,,EPL
18,Sat,12/27/25,15:00 (10:00),Liverpool,2–1,Wolves,"60,466",Anfield,Simon Hooper,Match Report,,EPL
18,Sat,12/27/25,15:00 (10:00),West Ham United,0–1,Fulham,"62,464",London Stadium,Chris Kavanagh,Match Report,,EPL
18,Sat,12/27/25,15:00 (10:00),Brentford,4–1,Bournemouth,"17,152",Gtech Community Stadium,Peter Bankes,Match Report,,EPL
18,Sat,12/27/25,15:00 (10:00),Arsenal,2–1,Brighton,"60,209",Emirates Stadium,John Brooks,Match Report,,EPL
18,Sat,12/27/25,15:00 (10:00),Burnley,0–0,Everton,"21,637",Turf Moor,Craig Pawson,Match Report,,EPL
18,Sat,12/27/25,17:30 (12:30),Chelsea,1–2,Aston Villa,"39,765",Stamford Bridge,Stuart Attwell,Match Report,,EPL
18,Sun,12/28/25,14:00 (09:00),Sunderland,1–1,Leeds United,"46,675",Stadium of Light,Tony Harrington,Match Report,,EPL
18,Sun,12/28/25,16:30 (11:30),Crystal Palace,0–1,Tottenham Hotspur,"25,186",Selhurst Park,Jarred Gillett,Match Report,,EPL
18,Fri,1/2/26,20:45 (14:45),Cagliari,0–1,Milan,"16,412",Unipol Domus,Rosario Abisso,Match Report,,SerieA
18,Sat,1/3/26,12:30 (06:30),Como,1–0,Udinese,"11,914",Stadio Giuseppe Sinigaglia,Alberto Arena,Match Report,,SerieA
18,Sat,1/3/26,15:00 (09:00),Genoa,1–1,Pisa,"31,661",Stadio Comunale Luigi Ferraris,Daniele Chiffi,Match Report,,SerieA
18,Sat,1/3/26,15:00 (09:00),Sassuolo,1–1,Parma,"12,701",Mapei Stadium - Città del Tricolore,Ermanno Feliciani,Match Report,,SerieA
18,Sat,1/3/26,18:00 (12:00),Juventus,1–1,Lecce,"40,639",Allianz Stadium,Giuseppe Collu,Match Report,,SerieA
18,Sat,1/3/26,20:45 (14:45),Atalanta,1–0,Roma,"23,088",New Balance Arena,Michael Fabbri,Match Report,,SerieA
18,Sun,1/4/26,12:30 (06:30),Lazio,0–2,Napoli,"45,000",Stadio Olimpico,Davide Massa,Match Report,,SerieA
18,Sun,1/4/26,15:00 (09:00),Fiorentina,1–0,Cremonese,"19,827",Stadio Artemio Franchi,Federico La Penna,Match Report,,SerieA
18,Sun,1/4/26,18:00 (12:00),Hellas Verona,0–3,Torino,"21,860",Stadio Marc'Antonio Bentegodi,Antonio Rapuano,Match Report,,SerieA
18,Sun,1/4/26,20:45 (14:45),Inter,3–1,Bologna,"74,710",Stadio Giuseppe Meazza,Marco Guida,Match Report,,SerieA
19,Tue,12/30/25,19:30 (14:30),Chelsea,2–2,Bournemouth,"39,765",Stamford Bridge,Samuel Barrott,Match Report,,EPL
19,Tue,12/30/25,19:30 (14:30),Burnley,1–3,Newcastle United,"21,020",Turf Moor,Robert Jones,Match Report,,EPL
19,Tue,12/30/25,19:30 (14:30),West Ham United,2–2,Brighton,"62,464",London Stadium,Michael Salisbury,Match Report,,EPL
19,Tue,12/30/25,19:30 (14:30),Nottingham Forest,0–2,Everton,"30,617",The City Ground,Michael Oliver,Match Report,,EPL
19,Tue,12/30/25,20:15 (15:15),Manchester Utd,1–1,Wolves,"73,589",Old Trafford,Thomas Bramall,Match Report,,EPL
19,Tue,12/30/25,20:15 (15:15),Arsenal,4–1,Aston Villa,"60,279",Emirates Stadium,Darren England,Match Report,,EPL
19,Thu,1/1/26,17:30 (12:30),Crystal Palace,1–1,Fulham,"25,111",Selhurst Park,Tony Harrington,Match Report,,EPL
19,Thu,1/1/26,17:30 (12:30),Liverpool,0–0,Leeds United,"60,343",Anfield,Chris Kavanagh,Match Report,,EPL
19,Thu,1/1/26,20:00 (15:00),Brentford,0–0,Tottenham Hotspur,"17,141",Gtech Community Stadium,Andy Madley,Match Report,,EPL
19,Thu,1/1/26,20:00 (15:00),Sunderland,0–0,Manchester City,"46,920",Stadium of Light,Jarred Gillett,Match Report,,EPL
19,Tue,1/6/26,15:00 (09:00),Pisa,0–3,Como,"11,202",Arena Garibaldi - Stadio Romeo Anconetan...,Luca Pairetto,Match Report,,SerieA
19,Tue,1/6/26,18:00 (12:00),Lecce,0–2,Roma,"24,715",Stadio Comunale Ettore Giardiniero,Juan Luca Sacchi,Match Report,,SerieA
19,Tue,1/6/26,20:45 (14:45),Sassuolo,0–3,Juventus,"19,488",Mapei Stadium - Città del Tricolore,Luca Zufferli,Match Report,,SerieA
19,Wed,1/7/26,18:30 (12:30),Napoli,2–2,Hellas Verona,"35,000",Stadio Diego Armando Maradona,Matteo Marchetti,Match Report,,SerieA
19,Wed,1/7/26,18:30 (12:30),Bologna,0–2,Atalanta,"23,454",Stadio Renato Dall'Ara,Marco Di Bello,Match Report,,SerieA
19,Wed,1/7/26,20:45 (14:45),Torino,1–2,Udinese,"17,982",Stadio Olimpico Grande Torino,Fabio Maresca,Match Report,,SerieA
19,Wed,1/7/26,20:45 (14:45),Parma,0–2,Inter,"21,601",Stadio Ennio Tardini,Andrea Colombo,Match Report,,SerieA
19,Wed,1/7/26,20:45 (14:45),Lazio,2–2,Fiorentina,"35,000",Stadio Olimpico,Simone Sozza,Match Report,,SerieA
19,Thu,1/8/26,18:30 (12:30),Cremonese,2–2,Cagliari,"9,886",Stadio Giovanni Zini,Kevin Bonacina,Match Report,,SerieA
19,Thu,1/8/26,20:45 (14:45),Milan,1–1,Genoa,"69,397",Stadio Giuseppe Meazza,Maurizio Mariani,Match Report,,SerieA
20,Sat,1/3/26,12:30 (07:30),Aston Villa,3–1,Nottingham Forest,"43,039",Villa Park,Simon Hooper,Match Report,,EPL
20,Sat,1/3/26,15:00 (10:00),Brighton,2–0,Burnley,"31,373",The American Express Stadium,Tim Robinson,Match Report,,EPL
20,Sat,1/3/26,15:00 (10:00),Wolves,3–0,West Ham United,"29,874",Molineux Stadium,Peter Bankes,Match Report,,EPL
20,Sat,1/3/26,17:30 (12:30),Bournemouth,2–3,Arsenal,"11,240",Vitality Stadium,Chris Kavanagh,Match Report,,EPL
20,Sun,1/4/26,12:30 (07:30),Leeds United,1–1,Manchester Utd,"36,909",Elland Road,Jarred Gillett,Match Report,,EPL
20,Sun,1/4/26,15:00 (10:00),Tottenham Hotspur,1–1,Sunderland,"60,877",Tottenham Hotspur Stadium,Stuart Attwell,Match Report,,EPL
20,Sun,1/4/26,15:00 (10:00),Newcastle United,2–0,Crystal Palace,"51,979",St James' Park,John Brooks,Match Report,,EPL
20,Sun,1/4/26,15:00 (10:00),Everton,2–4,Brentford,"52,514",Hill Dickinson Stadium,Anthony Taylor,Match Report,,EPL
20,Sun,1/4/26,15:15 (10:15),Fulham,2–2,Liverpool,"27,547",Craven Cottage,Craig Pawson,Match Report,,EPL
20,Sun,1/4/26,17:30 (12:30),Manchester City,1–1,Chelsea,"52,471",Etihad Stadium,Michael Oliver,Match Report,,EPL
20,Sat,1/10/26,15:00 (09:00),Udinese,2–2,Pisa,"23,186",Bluenergy Stadium,Giovanni Ayroldi,Match Report,,SerieA
20,Sat,1/10/26,15:00 (09:00),Como,1–1,Bologna,"11,667",Stadio Giuseppe Sinigaglia,Rosario Abisso,Match Report,,SerieA
20,Sat,1/10/26,18:00 (12:00),Roma,2–0,Sassuolo,"60,713",Stadio Olimpico,Matteo Marcenaro,Match Report,,SerieA
20,Sat,1/10/26,20:45 (14:45),Atalanta,2–0,Torino,"20,918",New Balance Arena,Francesco Fourneau,Match Report,,SerieA
20,Sun,1/11/26,12:30 (06:30),Lecce,1–2,Parma,"24,587",Stadio Comunale Ettore Giardiniero,Livio Marinelli,Match Report,,SerieA
20,Sun,1/11/26,15:00 (09:00),Fiorentina,1–1,Milan,"22,171",Stadio Artemio Franchi,Davide Massa,Match Report,,SerieA
20,Sun,1/11/26,18:00 (12:00),Hellas Verona,0–1,Lazio,"22,029",Stadio Marc'Antonio Bentegodi,Marco Guida,Match Report,,SerieA
20,Sun,1/11/26,20:45 (14:45),Inter,2–2,Napoli,"72,567",Stadio Giuseppe Meazza,Daniele Doveri,Match Report,,SerieA
20,Mon,1/12/26,18:30 (12:30),Genoa,3–0,Cagliari,"29,484",Stadio Comunale Luigi Ferraris,Federico La Penna,Match Report,,SerieA
20,Mon,1/12/26,20:45 (14:45),Juventus,5–0,Cremonese,"39,585",Allianz Stadium,Ermanno Feliciani,Match Report,,SerieA
21,Tue,1/6/26,20:00 (15:00),West Ham United,1–2,Nottingham Forest,"62,429",London Stadium,Tony Harrington,Match Report,,EPL
21,Wed,1/7/26,19:30 (14:30),Bournemouth,3–2,Tottenham Hotspur,"11,212",Vitality Stadium,Darren England,Match Report,,EPL
21,Wed,1/7/26,19:30 (14:30),Fulham,2–1,Chelsea,"26,990",Craven Cottage,Peter Bankes,Match Report,,EPL
21,Wed,1/7/26,19:30 (14:30),Manchester City,1–1,Brighton,"51,728",Etihad Stadium,Thomas Bramall,Match Report,,EPL
21,Wed,1/7/26,19:30 (14:30),Brentford,3–0,Sunderland,"17,016",Gtech Community Stadium,Matt Donohue,Match Report,,EPL
21,Wed,1/7/26,19:30 (14:30),Everton,1–1,Wolves,"51,768",Hill Dickinson Stadium,Thomas Kirk,Match Report,,EPL
21,Wed,1/7/26,19:30 (14:30),Crystal Palace,0–0,Aston Villa,"24,841",Selhurst Park,Andy Madley,Match Report,,EPL
21,Wed,1/7/26,20:15 (15:15),Burnley,2–2,Manchester Utd,"21,047",Turf Moor,Stuart Attwell,Match Report,,EPL
21,Wed,1/7/26,20:15 (15:15),Newcastle United,4–3,Leeds United,"51,176",St James' Park,Michael Salisbury,Match Report,,EPL
21,Thu,1/8/26,20:00 (15:00),Arsenal,0–0,Liverpool,"60,258",Emirates Stadium,Anthony Taylor,Match Report,,EPL
21,Fri,1/16/26,20:45 (14:45),Pisa,1–1,Atalanta,"10,372",Arena Garibaldi - Stadio Romeo Anconetan...,Matteo Marchetti,Match Report,,SerieA
21,Sat,1/17/26,15:00 (09:00),Udinese,0–1,Inter,"24,929",Bluenergy Stadium,Marco Di Bello,Match Report,,SerieA
21,Sat,1/17/26,18:00 (12:00),Napoli,1–0,Sassuolo,"40,000",Stadio Diego Armando Maradona,Francesco Fourneau,Match Report,,SerieA
21,Sat,1/17/26,20:45 (14:45),Cagliari,1–0,Juventus,"16,412",Unipol Domus,Davide Massa,Match Report,,SerieA
21,Sun,1/18/26,12:30 (06:30),Parma,0–0,Genoa,"16,433",Stadio Ennio Tardini,Luca Pairetto,Match Report,,SerieA
21,Sun,1/18/26,15:00 (09:00),Bologna,1–2,Fiorentina,"27,590",Stadio Renato Dall'Ara,Daniele Doveri,Match Report,,SerieA
21,Sun,1/18/26,18:00 (12:00),Torino,0–2,Roma,"22,138",Stadio Olimpico Grande Torino,Daniele Chiffi,Match Report,,SerieA
21,Sun,1/18/26,20:45 (14:45),Milan,1–0,Lecce,"70,591",Stadio Giuseppe Meazza,Luca Zufferli,Match Report,,SerieA
21,Mon,1/19/26,18:30 (12:30),Cremonese,0–0,Hellas Verona,"10,877",Stadio Giovanni Zini,Alberto Arena,Match Report,,SerieA
21,Mon,1/19/26,20:45 (14:45),Lazio,0–3,Como,"35,000",Stadio Olimpico,Michael Fabbri,Match Report,,SerieA
22,Sat,1/17/26,12:30 (07:30),Manchester Utd,2–0,Manchester City,"74,004",Old Trafford,Anthony Taylor,Match Report,,EPL
22,Sat,1/17/26,15:00 (10:00),Sunderland,2–1,Crystal Palace,"47,257",Stadium of Light,Robert Jones,Match Report,,EPL
22,Sat,1/17/26,15:00 (10:00),Chelsea,2–0,Brentford,"39,704",Stamford Bridge,John Brooks,Match Report,,EPL
22,Sat,1/17/26,15:00 (10:00),Tottenham Hotspur,1–2,West Ham United,"60,857",Tottenham Hotspur Stadium,Jarred Gillett,Match Report,,EPL
22,Sat,1/17/26,15:00 (10:00),Liverpool,1–1,Burnley,"60,431",Anfield,Andy Madley,Match Report,,EPL
22,Sat,1/17/26,15:00 (10:00),Leeds United,1–0,Fulham,"36,300",Elland Road,Chris Kavanagh,Match Report,,EPL
22,Sat,1/17/26,17:30 (12:30),Nottingham Forest,0–0,Arsenal,"30,729",The City Ground,Michael Oliver,Match Report,,EPL
22,Sun,1/18/26,14:00 (09:00),Wolves,0–0,Newcastle United,"29,751",Molineux Stadium,Samuel Barrott,Match Report,,EPL
22,Sun,1/18/26,16:30 (11:30),Aston Villa,0–1,Everton,"43,059",Villa Park,Tony Harrington,Match Report,,EPL
22,Mon,1/19/26,20:00 (15:00),Brighton,1–1,Bournemouth,"30,172",The American Express Stadium,Paul Tierney,Match Report,,EPL
22,Fri,1/23/26,20:45 (14:45),Inter,6–2,Pisa,"73,594",Stadio Giuseppe Meazza,Matteo Marcenaro,Match Report,,SerieA
22,Sat,1/24/26,15:00 (09:00),Como,6–0,Torino,"11,055",Stadio Giuseppe Sinigaglia,Ermanno Feliciani,Match Report,,SerieA
22,Sat,1/24/26,18:00 (12:00),Fiorentina,1–2,Cagliari,"20,456",Stadio Artemio Franchi,Marco Guida,Match Report,,SerieA
22,Sat,1/24/26,20:45 (14:45),Lecce,0–0,Lazio,"24,435",Stadio Comunale Ettore Giardiniero,Daniele Chiffi,Match Report,,SerieA
22,Sun,1/25/26,12:30 (06:30),Sassuolo,1–0,Cremonese,"11,111",Mapei Stadium - Città del Tricolore,Giuseppe Collu,Match Report,,SerieA
22,Sun,1/25/26,15:00 (09:00),Atalanta,4–0,Parma,"21,815",New Balance Arena,Juan Luca Sacchi,Match Report,,SerieA
22,Sun,1/25/26,15:00 (09:00),Genoa,3–2,Bologna,"30,146",Stadio Comunale Luigi Ferraris,Fabio Maresca,Match Report,,SerieA
22,Sun,1/25/26,18:00 (12:00),Juventus,3–0,Napoli,"41,654",Allianz Stadium,Maurizio Mariani,Match Report,,SerieA
22,Sun,1/25/26,20:45 (14:45),Roma,1–1,Milan,"63,582",Stadio Olimpico,Andrea Colombo,Match Report,,SerieA
22,Mon,1/26/26,20:45 (14:45),Hellas Verona,1–3,Udinese,"18,720",Stadio Marc'Antonio Bentegodi,Gianluca Manganiello,Match Report,,SerieA
23,Sat,1/24/26,12:30 (07:30),West Ham United,3–1,Sunderland,"62,456",London Stadium,Thomas Bramall,Match Report,,EPL
23,Sat,1/24/26,15:00 (10:00),Fulham,2–1,Brighton,"27,239",Craven Cottage,Michael Oliver,Match Report,,EPL
23,Sat,1/24/26,15:00 (10:00),Burnley,2–2,Tottenham Hotspur,"21,618",Turf Moor,Peter Bankes,Match Report,,EPL
23,Sat,1/24/26,15:00 (10:00),Manchester City,2–0,Wolves,"52,469",Etihad Stadium,Farai Hallam,Match Report,,EPL
23,Sat,1/24/26,17:30 (12:30),Bournemouth,3–2,Liverpool,"11,260",Vitality Stadium,Michael Salisbury,Match Report,,EPL
23,Sun,1/25/26,14:00 (09:00),Newcastle United,0–2,Aston Villa,"52,134",St James' Park,Jarred Gillett,Match Report,,EPL
23,Sun,1/25/26,14:00 (09:00),Brentford,0–2,Nottingham Forest,"17,134",Gtech Community Stadium,Samuel Barrott,Match Report,,EPL
23,Sun,1/25/26,14:00 (09:00),Crystal Palace,1–3,Chelsea,"25,163",Selhurst Park,Darren England,Match Report,,EPL
23,Sun,1/25/26,16:30 (11:30),Arsenal,2–3,Manchester Utd,"60,296",Emirates Stadium,Craig Pawson,Match Report,,EPL
23,Mon,1/26/26,20:00 (15:00),Everton,1–1,Leeds United,"51,979",Hill Dickinson Stadium,Simon Hooper,Match Report,,EPL
23,Fri,1/30/26,20:45 (14:45),Lazio,3–2,Genoa,"5,402",Stadio Olimpico,Luca Zufferli,Match Report,,SerieA
23,Sat,1/31/26,15:00 (09:00),Pisa,1–3,Sassuolo,"10,185",Arena Garibaldi - Stadio Romeo Anconetan...,Alberto Arena,Match Report,,SerieA
23,Sat,1/31/26,18:00 (12:00),Napoli,2–1,Fiorentina,"40,000",Stadio Diego Armando Maradona,Federico La Penna,Match Report,,SerieA
23,Sat,1/31/26,20:45 (14:45),Cagliari,4–0,Hellas Verona,"15,791",Unipol Domus,Kevin Bonacina,Match Report,,SerieA
23,Sun,2/1/26,12:30 (06:30),Torino,1–0,Lecce,"6,000",Stadio Olimpico Grande Torino,Simone Sozza,Match Report,,SerieA
23,Sun,2/1/26,15:00 (09:00),Como,0–0,Atalanta,"11,925",Stadio Giuseppe Sinigaglia,Luca Pairetto,Match Report,,SerieA
23,Sun,2/1/26,18:00 (12:00),Cremonese,0–2,Inter,"14,824",Stadio Giovanni Zini,Davide Massa,Match Report,,SerieA
23,Sun,2/1/26,20:45 (14:45),Parma,1–4,Juventus,"22,017",Stadio Ennio Tardini,Francesco Fourneau,Match Report,,SerieA
23,Mon,2/2/26,20:45 (14:45),Udinese,1–0,Roma,"23,598",Bluenergy Stadium,Juan Luca Sacchi,Match Report,,SerieA
23,Tue,2/3/26,20:45 (14:45),Bologna,0–3,Milan,"30,932",Stadio Renato Dall'Ara,Gianluca Manganiello,Match Report,,SerieA
24,Sat,1/31/26,15:00 (10:00),Brighton,1–1,Everton,"31,419",The American Express Stadium,Chris Kavanagh,Match Report,,EPL
24,Sat,1/31/26,15:00 (10:00),Leeds United,0–4,Arsenal,"36,858",Elland Road,Stuart Attwell,Match Report,,EPL
24,Sat,1/31/26,15:00 (10:00),Wolves,0–2,Bournemouth,"30,161",Molineux Stadium,Michael Oliver,Match Report,,EPL
24,Sat,1/31/26,17:30 (12:30),Chelsea,3–2,West Ham United,"39,361",Stamford Bridge,Anthony Taylor,Match Report,,EPL
24,Sat,1/31/26,20:00 (15:00),Liverpool,4–1,Newcastle United,"60,416",Anfield,Simon Hooper,Match Report,,EPL
24,Sun,2/1/26,14:00 (09:00),Manchester Utd,3–2,Fulham,"73,895",Old Trafford,John Brooks,Match Report,,EPL
24,Sun,2/1/26,14:00 (09:00),Nottingham Forest,1–1,Crystal Palace,"30,334",The City Ground,Tony Harrington,Match Report,,EPL
24,Sun,2/1/26,14:00 (09:00),Aston Villa,0–1,Brentford,"41,415",Villa Park,Tim Robinson,Match Report,,EPL
24,Sun,2/1/26,16:30 (11:30),Tottenham Hotspur,2–2,Manchester City,"61,337",Tottenham Hotspur Stadium,Robert Jones,Match Report,,EPL
24,Mon,2/2/26,20:00 (15:00),Sunderland,3–0,Burnley,"46,370",Stadium of Light,Paul Tierney,Match Report,,EPL
24,Fri,2/6/26,20:45 (14:45),Hellas Verona,0–0,Pisa,"19,470",Stadio Marc'Antonio Bentegodi,Daniele Doveri,Match Report,,SerieA
24,Sat,2/7/26,18:00 (12:00),Genoa,2–3,Napoli,"30,748",Stadio Comunale Luigi Ferraris,Davide Massa,Match Report,,SerieA
24,Sat,2/7/26,20:45 (14:45),Fiorentina,2–2,Torino,"19,178",Stadio Artemio Franchi,Andrea Colombo,Match Report,,SerieA
24,Sun,2/8/26,12:30 (06:30),Bologna,0–1,Parma,"24,823",Stadio Renato Dall'Ara,Giuseppe Collu,Match Report,,SerieA
24,Sun,2/8/26,15:00 (09:00),Lecce,2–1,Udinese,"24,290",Stadio Comunale Ettore Giardiniero,Antonio Rapuano,Match Report,,SerieA
24,Sun,2/8/26,18:00 (12:00),Sassuolo,0–5,Inter,"17,653",Mapei Stadium - Città del Tricolore,Daniele Chiffi,Match Report,,SerieA
24,Sun,2/8/26,20:45 (14:45),Juventus,2–2,Lazio,"41,405",Allianz Stadium,Marco Guida,Match Report,,SerieA
24,Mon,2/9/26,18:30 (12:30),Atalanta,2–1,Cremonese,"21,796",New Balance Arena,Marco Piccinini,Match Report,,SerieA
24,Mon,2/9/26,20:45 (14:45),Roma,2–0,Cagliari,"60,334",Stadio Olimpico,Matteo Marcenaro,Match Report,,SerieA
24,Wed,2/18/26,20:45 (14:45),Milan,1–1,Como,"75,251",Stadio Giuseppe Meazza,Maurizio Mariani,Match Report,,SerieA
25,Fri,2/6/26,20:00 (15:00),Leeds United,3–1,Nottingham Forest,"36,835",Elland Road,Peter Bankes,Match Report,,EPL
25,Sat,2/7/26,12:30 (07:30),Manchester Utd,2–0,Tottenham Hotspur,"73,985",Old Trafford,Michael Oliver,Match Report,,EPL
25,Sat,2/7/26,15:00 (10:00),Bournemouth,1–1,Aston Villa,"11,248",Vitality Stadium,Anthony Taylor,Match Report,,EPL
25,Sat,2/7/26,15:00 (10:00),Fulham,1–2,Everton,"27,155",Craven Cottage,Stuart Attwell,Match Report,,EPL
25,Sat,2/7/26,15:00 (10:00),Arsenal,3–0,Sunderland,"60,312",Emirates Stadium,Samuel Barrott,Match Report,,EPL
25,Sat,2/7/26,15:00 (10:00),Burnley,0–2,West Ham United,"21,273",Turf Moor,Darren England,Match Report,,EPL
25,Sat,2/7/26,15:00 (10:00),Wolves,1–3,Chelsea,"29,762",Molineux Stadium,Jarred Gillett,Match Report,,EPL
25,Sat,2/7/26,17:30 (12:30),Newcastle United,2–3,Brentford,"52,032",St James' Park,Andy Madley,Match Report,,EPL
25,Sun,2/8/26,14:00 (09:00),Brighton,0–1,Crystal Palace,"31,179",The American Express Stadium,Thomas Bramall,Match Report,,EPL
25,Sun,2/8/26,16:30 (11:30),Liverpool,1–2,Manchester City,"60,336",Anfield,Craig Pawson,Match Report,,EPL
25,Fri,2/13/26,20:45 (14:45),Pisa,1–2,Milan,"12,544",Arena Garibaldi - Stadio Romeo Anconetan...,Michael Fabbri,Match Report,,SerieA
25,Sat,2/14/26,15:00 (09:00),Como,1–2,Fiorentina,"11,387",Stadio Giuseppe Sinigaglia,Matteo Marchetti,Match Report,,SerieA
25,Sat,2/14/26,18:00 (12:00),Lazio,0–2,Atalanta,"3,400",Stadio Olimpico,Juan Luca Sacchi,Match Report,,SerieA
25,Sat,2/14/26,20:45 (14:45),Inter,3–2,Juventus,"75,515",Stadio Giuseppe Meazza,Federico La Penna,Match Report,,SerieA
25,Sun,2/15/26,12:30 (06:30),Udinese,1–2,Sassuolo,"21,199",Bluenergy Stadium,Maria Sole Ferrieri Caputi,Match Report,,SerieA
25,Sun,2/15/26,15:00 (09:00),Parma,2–1,Hellas Verona,"17,237",Stadio Ennio Tardini,Luca Pairetto,Match Report,,SerieA
25,Sun,2/15/26,15:00 (09:00),Cremonese,0–0,Genoa,"13,128",Stadio Giovanni Zini,Simone Sozza,Match Report,,SerieA
25,Sun,2/15/26,18:00 (12:00),Torino,1–2,Bologna,"5,000",Stadio Olimpico Grande Torino,Francesco Fourneau,Match Report,,SerieA
25,Sun,2/15/26,20:45 (14:45),Napoli,2–2,Roma,"52,000",Stadio Diego Armando Maradona,Andrea Colombo,Match Report,,SerieA
25,Mon,2/16/26,20:45 (14:45),Cagliari,0–2,Lecce,"16,133",Unipol Domus,Ermanno Feliciani,Match Report,,SerieA
26,Tue,2/10/26,19:30 (14:30),Everton,1–2,Bournemouth,"51,793",Hill Dickinson Stadium,Andy Madley,Match Report,,EPL
26,Tue,2/10/26,19:30 (14:30),Chelsea,2–2,Leeds United,"39,253",Stamford Bridge,Robert Jones,Match Report,,EPL
26,Tue,2/10/26,19:30 (14:30),Tottenham Hotspur,1–2,Newcastle United,"59,773",Tottenham Hotspur Stadium,Anthony Taylor,Match Report,,EPL
26,Tue,2/10/26,20:15 (15:15),West Ham United,1–1,Manchester Utd,"62,473",London Stadium,Simon Hooper,Match Report,,EPL
26,Wed,2/11/26,19:30 (14:30),Manchester City,3–0,Fulham,"50,717",Etihad Stadium,Paul Tierney,Match Report,,EPL
26,Wed,2/11/26,19:30 (14:30),Nottingham Forest,0–0,Wolves,"29,921",The City Ground,Tim Robinson,Match Report,,EPL
26,Wed,2/11/26,19:30 (14:30),Aston Villa,1–0,Brighton,"39,495",Villa Park,Peter Bankes,Match Report,,EPL
26,Wed,2/11/26,19:40 (14:40),Crystal Palace,2–3,Burnley,"24,641",Selhurst Park,Farai Hallam,Match Report,,EPL
26,Wed,2/11/26,20:15 (15:15),Sunderland,0–1,Liverpool,"47,159",Stadium of Light,Chris Kavanagh,Match Report,,EPL
26,Thu,2/12/26,20:00 (15:00),Brentford,1–1,Arsenal,"17,224",Gtech Community Stadium,John Brooks,Match Report,,EPL
26,Fri,2/20/26,20:45 (14:45),Sassuolo,3–0,Hellas Verona,"10,641",Mapei Stadium - Città del Tricolore,Livio Marinelli,Match Report,,SerieA
26,Sat,2/21/26,15:00 (09:00),Juventus,0–2,Como,"40,822",Allianz Stadium,Daniele Doveri,Match Report,,SerieA
26,Sat,2/21/26,18:00 (12:00),Lecce,0–2,Inter,"26,868",Stadio Comunale Ettore Giardiniero,Gianluca Manganiello,Match Report,,SerieA
26,Sat,2/21/26,20:45 (14:45),Cagliari,0–0,Lazio,"15,262",Unipol Domus,Antonio Rapuano,Match Report,,SerieA
26,Sun,2/22/26,12:30 (06:30),Genoa,3–0,Torino,"31,534",Stadio Comunale Luigi Ferraris,Marco Guida,Match Report,,SerieA
26,Sun,2/22/26,15:00 (09:00),Atalanta,2–1,Napoli,"22,015",New Balance Arena,Daniele Chiffi,Match Report,,SerieA
26,Sun,2/22/26,18:00 (12:00),Milan,0–1,Parma,"73,017",Stadio Giuseppe Meazza,Marco Piccinini,Match Report,,SerieA
26,Sun,2/22/26,20:45 (14:45),Roma,3–0,Cremonese,"59,025",Stadio Olimpico,Marco Di Bello,Match Report,,SerieA
26,Mon,2/23/26,18:30 (12:30),Fiorentina,1–0,Pisa,"21,896",Stadio Artemio Franchi,Maurizio Mariani,Match Report,,SerieA
26,Mon,2/23/26,20:45 (14:45),Bologna,1–0,Udinese,"23,238",Stadio Renato Dall'Ara,Matteo Marcenaro,Match Report,,SerieA
27,Sat,2/21/26,15:00 (10:00),Aston Villa,1–1,Leeds United,"43,048",Villa Park,Michael Oliver,Match Report,,EPL
27,Sat,2/21/26,15:00 (10:00),Chelsea,1–1,Burnley,"39,603",Stamford Bridge,Lewis Smith,Match Report,,EPL
27,Sat,2/21/26,15:00 (10:00),Brentford,0–2,Brighton,"17,163",Gtech Community Stadium,Jarred Gillett,Match Report,,EPL
27,Sat,2/21/26,17:30 (12:30),West Ham United,0–0,Bournemouth,"62,437",London Stadium,Samuel Barrott,Match Report,,EPL
27,Sat,2/21/26,20:00 (15:00),Manchester City,2–1,Newcastle United,"52,187",Etihad Stadium,Thomas Bramall,Match Report,,EPL
27,Sun,2/22/26,14:00 (09:00),Crystal Palace,1–0,Wolves,"24,547",Selhurst Park,Thomas Kirk,Match Report,,EPL
27,Sun,2/22/26,14:00 (09:00),Sunderland,1–3,Fulham,"47,222",Stadium of Light,Craig Pawson,Match Report,,EPL
27,Sun,2/22/26,14:00 (09:00),Nottingham Forest,0–1,Liverpool,"30,737",The City Ground,Anthony Taylor,Match Report,,EPL
27,Sun,2/22/26,16:30 (11:30),Tottenham Hotspur,1–4,Arsenal,"61,439",Tottenham Hotspur Stadium,Peter Bankes,Match Report,,EPL
27,Mon,2/23/26,20:00 (15:00),Everton,0–1,Manchester Utd,"52,326",Hill Dickinson Stadium,Darren England,Match Report,,EPL
27,Fri,2/27/26,20:45 (14:45),Parma,1–1,Cagliari,"17,134",Stadio Ennio Tardini,Luca Massimi,Match Report,,SerieA
27,Sat,2/28/26,15:00 (09:00),Como,3–1,Lecce,"10,817",Stadio Giuseppe Sinigaglia,Francesco Fourneau,Match Report,,SerieA
27,Sat,2/28/26,18:00 (12:00),Hellas Verona,1–2,Napoli,"21,027",Stadio Marc'Antonio Bentegodi,Andrea Colombo,Match Report,,SerieA
27,Sat,2/28/26,20:45 (14:45),Inter,2–0,Genoa,"72,945",Stadio Giuseppe Meazza,Michael Fabbri,Match Report,,SerieA
27,Sun,3/1/26,12:30 (06:30),Cremonese,0–2,Milan,"14,711",Stadio Giovanni Zini,Davide Massa,Match Report,,SerieA
27,Sun,3/1/26,15:00 (09:00),Sassuolo,2–1,Atalanta,"13,260",Mapei Stadium - Città del Tricolore,Matteo Marchetti,Match Report,,SerieA
27,Sun,3/1/26,18:00 (12:00),Torino,2–0,Lazio,"4,800",Stadio Olimpico Grande Torino,Rosario Abisso,Match Report,,SerieA
27,Sun,3/1/26,20:45 (14:45),Roma,3–3,Juventus,"65,870",Stadio Olimpico,Simone Sozza,Match Report,,SerieA
27,Mon,3/2/26,18:30 (12:30),Pisa,0–1,Bologna,"9,604",Arena Garibaldi - Stadio Romeo Anconetan...,Ermanno Feliciani,Match Report,,SerieA
27,Mon,3/2/26,20:45 (14:45),Udinese,3–0,Fiorentina,"18,265",Bluenergy Stadium,Luca Pairetto,Match Report,,SerieA
28,Fri,2/27/26,20:00 (15:00),Wolves,2–0,Aston Villa,"30,197",Molineux Stadium,Craig Pawson,Match Report,,EPL
28,Sat,2/28/26,12:30 (07:30),Bournemouth,1–1,Sunderland,"11,240",Vitality Stadium,Jarred Gillett,Match Report,,EPL
28,Sat,2/28/26,15:00 (10:00),Newcastle United,2–3,Everton,"52,514",St James' Park,Stuart Attwell,Match Report,,EPL
28,Sat,2/28/26,15:00 (10:00),Liverpool,5–2,West Ham United,"60,425",Anfield,Tim Robinson,Match Report,,EPL
28,Sat,2/28/26,15:00 (10:00),Burnley,3–4,Brentford,"20,069",Turf Moor,Samuel Barrott,Match Report,,EPL
28,Sat,2/28/26,17:30 (12:30),Leeds United,0–1,Manchester City,"36,838",Elland Road,Peter Bankes,Match Report,,EPL
28,Sun,3/1/26,14:00 (09:00),Fulham,2–1,Tottenham Hotspur,"27,439",Craven Cottage,Thomas Bramall,Match Report,,EPL
28,Sun,3/1/26,14:00 (09:00),Manchester Utd,2–1,Crystal Palace,"73,934",Old Trafford,Chris Kavanagh,Match Report,,EPL
28,Sun,3/1/26,14:00 (09:00),Brighton,2–1,Nottingham Forest,"31,427",The American Express Stadium,Andy Madley,Match Report,,EPL
28,Sun,3/1/26,16:30 (11:30),Arsenal,2–1,Chelsea,"60,296",Emirates Stadium,Darren England,Match Report,,EPL
28,Fri,3/6/26,20:45 (14:45),Napoli,2–1,Torino,"49,000",Stadio Diego Armando Maradona,Michael Fabbri,Match Report,,SerieA
28,Sat,3/7/26,15:00 (09:00),Cagliari,1–2,Como,"16,128",Unipol Domus,Livio Marinelli,Match Report,,SerieA
28,Sat,3/7/26,18:00 (12:00),Atalanta,2–2,Udinese,"22,101",New Balance Arena,Antonio Rapuano,Match Report,,SerieA
28,Sat,3/7/26,20:45 (14:45),Juventus,4–0,Pisa,"38,252",Allianz Stadium,Juan Luca Sacchi,Match Report,,SerieA
28,Sun,3/8/26,12:30 (07:30),Lecce,2–1,Cremonese,"27,705",Stadio Comunale Ettore Giardiniero,Simone Sozza,Match Report,,SerieA
28,Sun,3/8/26,15:00 (10:00),Bologna,1–2,Hellas Verona,"27,063",Stadio Renato Dall'Ara,Giuseppe Mucera,Match Report,,SerieA
28,Sun,3/8/26,15:00 (10:00),Fiorentina,0–0,Parma,"20,534",Stadio Artemio Franchi,Luca Zufferli,Match Report,,SerieA
28,Sun,3/8/26,18:00 (13:00),Genoa,2–1,Roma,"30,758",Stadio Comunale Luigi Ferraris,Andrea Colombo,Match Report,,SerieA
28,Sun,3/8/26,20:45 (15:45),Milan,1–0,Inter,"75,627",Stadio Giuseppe Meazza,Daniele Doveri,Match Report,,SerieA
28,Mon,3/9/26,20:45 (15:45),Lazio,2–1,Sassuolo,"2,000",Stadio Olimpico,Alberto Arena,Match Report,,SerieA
29,Tue,3/3/26,19:30 (14:30),Bournemouth,0–0,Brentford,"11,108",Vitality Stadium,Craig Pawson,Match Report,,EPL
29,Tue,3/3/26,19:30 (14:30),Everton,2–0,Burnley,"51,959",Hill Dickinson Stadium,Tim Robinson,Match Report,,EPL
29,Tue,3/3/26,19:30 (14:30),Leeds United,0–1,Sunderland,"36,713",Elland Road,Stuart Attwell,Match Report,,EPL
29,Tue,3/3/26,20:15 (15:15),Wolves,2–1,Liverpool,"30,247",Molineux Stadium,Thomas Bramall,Match Report,,EPL
29,Wed,3/4/26,19:30 (14:30),Brighton,0–1,Arsenal,"31,575",The American Express Stadium,Chris Kavanagh,Match Report,,EPL
29,Wed,3/4/26,19:30 (14:30),Manchester City,2–2,Nottingham Forest,"51,965",Etihad Stadium,Darren England,Match Report,,EPL
29,Wed,3/4/26,19:30 (14:30),Fulham,0–1,West Ham United,"27,191",Craven Cottage,Matt Donohue,Match Report,,EPL
29,Wed,3/4/26,19:30 (14:30),Aston Villa,1–4,Chelsea,"42,084",Villa Park,Jarred Gillett,Match Report,,EPL
29,Wed,3/4/26,20:15 (15:15),Newcastle United,2–1,Manchester Utd,"52,184",St James' Park,Peter Bankes,Match Report,,EPL
29,Thu,3/5/26,20:00 (15:00),Tottenham Hotspur,1–3,Crystal Palace,"60,213",Tottenham Hotspur Stadium,Andy Madley,Match Report,,EPL
29,Fri,3/13/26,20:45 (15:45),Torino,4–1,Parma,"9,000",Stadio Olimpico Grande Torino,Fabio Maresca,Match Report,,SerieA
29,Sat,3/14/26,15:00 (10:00),Inter,1–1,Atalanta,"74,364",Stadio Giuseppe Meazza,Gianluca Manganiello,Match Report,,SerieA
29,Sat,3/14/26,18:00 (13:00),Napoli,2–1,Lecce,"50,000",Stadio Diego Armando Maradona,Rosario Abisso,Match Report,,SerieA
29,Sat,3/14/26,20:45 (15:45),Udinese,0–1,Juventus,"25,022",Bluenergy Stadium,Maurizio Mariani,Match Report,,SerieA
29,Sun,3/15/26,12:30 (07:30),Hellas Verona,0–2,Genoa,"22,989",Stadio Marc'Antonio Bentegodi,Matteo Marchetti,Match Report,,SerieA
29,Sun,3/15/26,15:00 (10:00),Pisa,3–1,Cagliari,"9,749",Arena Garibaldi - Stadio Romeo Anconetan...,Federico La Penna,Match Report,,SerieA
29,Sun,3/15/26,15:00 (10:00),Sassuolo,0–1,Bologna,"13,403",Mapei Stadium - Città del Tricolore,Kevin Bonacina,Match Report,,SerieA
29,Sun,3/15/26,18:00 (13:00),Como,2–1,Roma,"11,977",Stadio Giuseppe Sinigaglia,Davide Massa,Match Report,,SerieA
29,Sun,3/15/26,20:45 (15:45),Lazio,1–0,Milan,"50,000",Stadio Olimpico,Marco Guida,Match Report,,SerieA
29,Mon,3/16/26,20:45 (15:45),Cremonese,1–4,Fiorentina,"11,030",Stadio Giovanni Zini,Marco Di Bello,Match Report,,SerieA
30,Sat,3/14/26,15:00 (11:00),Sunderland,0–1,Brighton,"45,497",Stadium of Light,Thomas Kirk,Match Report,,EPL
30,Sat,3/14/26,15:00 (11:00),Burnley,0–0,Bournemouth,"20,281",Turf Moor,Peter Bankes,Match Report,,EPL
30,Sat,3/14/26,17:30 (13:30),Arsenal,2–0,Everton,"60,176",Emirates Stadium,Andy Madley,Match Report,,EPL
30,Sat,3/14/26,17:30 (13:30),Chelsea,0–1,Newcastle United,"39,587",Stamford Bridge,Paul Tierney,Match Report,,EPL
30,Sat,3/14/26,20:00 (16:00),West Ham United,1–1,Manchester City,"62,459",London Stadium,Michael Oliver,Match Report,,EPL
30,Sun,3/15/26,14:00 (10:00),Manchester Utd,3–1,Aston Villa,"73,997",Old Trafford,Anthony Taylor,Match Report,,EPL
30,Sun,3/15/26,14:00 (10:00),Crystal Palace,0–0,Leeds United,"25,155",Selhurst Park,Thomas Bramall,Match Report,,EPL
30,Sun,3/15/26,14:00 (10:00),Nottingham Forest,0–0,Fulham,"30,013",The City Ground,Samuel Barrott,Match Report,,EPL
30,Sun,3/15/26,16:30 (12:30),Liverpool,1–1,Tottenham Hotspur,"60,248",Anfield,Chris Kavanagh,Match Report,,EPL
30,Mon,3/16/26,20:00 (16:00),Brentford,2–2,Wolves,"17,155",Gtech Community Stadium,Stuart Attwell,Match Report,,EPL
30,Fri,3/20/26,18:30 (13:30),Cagliari,0–1,Napoli,"15,620",Unipol Domus,Maurizio Mariani,Match Report,,SerieA
30,Fri,3/20/26,20:45 (15:45),Genoa,0–2,Udinese,"30,895",Stadio Comunale Luigi Ferraris,Giuseppe Collu,Match Report,,SerieA
30,Sat,3/21/26,15:00 (10:00),Parma,0–2,Cremonese,"16,284",Stadio Ennio Tardini,Michael Fabbri,Match Report,,SerieA
30,Sat,3/21/26,18:00 (13:00),Milan,3–2,Torino,"73,043",Stadio Giuseppe Meazza,Francesco Fourneau,Match Report,,SerieA
30,Sat,3/21/26,20:45 (15:45),Juventus,1–1,Sassuolo,"39,502",Allianz Stadium,Matteo Marchetti,Match Report,,SerieA
30,Sun,3/22/26,12:30 (07:30),Como,5–0,Pisa,"11,137",Stadio Giuseppe Sinigaglia,Luca Pairetto,Match Report,,SerieA
30,Sun,3/22/26,15:00 (10:00),Bologna,0–2,Lazio,"27,162",Stadio Renato Dall'Ara,Ermanno Feliciani,Match Report,,SerieA
30,Sun,3/22/26,15:00 (10:00),Atalanta,1–0,Hellas Verona,"22,087",New Balance Arena,Giovanni Ayroldi,Match Report,,SerieA
30,Sun,3/22/26,18:00 (13:00),Roma,1–0,Lecce,"62,432",Stadio Olimpico,Juan Luca Sacchi,Match Report,,SerieA
30,Sun,3/22/26,20:45 (15:45),Fiorentina,1–1,Inter,"22,335",Stadio Artemio Franchi,Andrea Colombo,Match Report,,SerieA
31,Wed,2/18/26,20:00 (15:00),Wolves,2–2,Arsenal,"29,843",Molineux Stadium,Paul Tierney,Match Report,,EPL
31,Fri,3/20/26,20:00 (16:00),Bournemouth,2–2,Manchester Utd,"11,250",Vitality Stadium,Stuart Attwell,Match Report,,EPL
31,Sat,3/21/26,12:45 (08:45),Brighton,2–1,Liverpool,"31,680",The American Express Stadium,Darren England,Match Report,,EPL
31,Sat,3/21/26,15:00 (11:00),Fulham,3–1,Burnley,"27,323",Craven Cottage,Chris Kavanagh,Match Report,,EPL
31,Sat,3/21/26,15:00 (11:00),Manchester City,,Crystal Palace,,Etihad Stadium,,,Match Postponed,EPL
31,Sat,3/21/26,17:30 (13:30),Everton,3–0,Chelsea,"52,547",Hill Dickinson Stadium,Samuel Barrott,Match Report,,EPL
31,Sat,3/21/26,20:00 (16:00),Leeds United,0–0,Brentford,"36,386",Elland Road,Jarred Gillett,Match Report,,EPL
31,Sun,3/22/26,12:00 (08:00),Newcastle United,1–2,Sunderland,"52,253",St James' Park,Anthony Taylor,Match Report,,EPL
31,Sun,3/22/26,14:15 (10:15),Tottenham Hotspur,0–3,Nottingham Forest,"61,519",Tottenham Hotspur Stadium,Michael Oliver,Match Report,,EPL
31,Sun,3/22/26,14:15 (10:15),Aston Villa,2–0,West Ham United,"42,130",Villa Park,Paul Tierney,Match Report,,EPL
31,Sat,4/4/26,15:00 (09:00),Sassuolo,2–1,Cagliari,"12,304",Mapei Stadium - Città del Tricolore,Daniele Chiffi,Match Report,,SerieA
31,Sat,4/4/26,18:00 (12:00),Hellas Verona,0–1,Fiorentina,"24,501",Stadio Marc'Antonio Bentegodi,Marco Guida,Match Report,,SerieA
31,Sat,4/4/26,20:45 (14:45),Lazio,1–1,Parma,"6,000",Stadio Olimpico,Matteo Marcenaro,Match Report,,SerieA
31,Sun,4/5/26,15:00 (09:00),Cremonese,1–2,Bologna,"10,629",Stadio Giovanni Zini,Rosario Abisso,Match Report,,SerieA
31,Sun,4/5/26,18:00 (12:00),Pisa,0–1,Torino,"10,931",Arena Garibaldi - Stadio Romeo Anconetan...,Luca Zufferli,Match Report,,SerieA
31,Sun,4/5/26,20:45 (14:45),Inter,5–2,Roma,"75,267",Stadio Giuseppe Meazza,Simone Sozza,Match Report,,SerieA
31,Mon,4/6/26,12:30 (06:30),Udinese,0–0,Como,"24,347",Bluenergy Stadium,Fabio Maresca,Match Report,,SerieA
31,Mon,4/6/26,15:00 (09:00),Lecce,0–3,Atalanta,"24,884",Stadio Comunale Ettore Giardiniero,Federico La Penna,Match Report,,SerieA
31,Mon,4/6/26,18:00 (12:00),Juventus,2–0,Genoa,"40,585",Allianz Stadium,Davide Massa,Match Report,,SerieA
31,Mon,4/6/26,20:45 (14:45),Napoli,1–0,Milan,"50,000",Stadio Diego Armando Maradona,Daniele Doveri,Match Report,,SerieA
32,Fri,4/10/26,20:00 (15:00),West Ham United,4–0,Wolves,"62,457",London Stadium,Jarred Gillett,Match Report,,EPL
32,Sat,4/11/26,12:30 (07:30),Arsenal,1–2,Bournemouth,"60,210",Emirates Stadium,Michael Oliver,Match Report,,EPL
32,Sat,4/11/26,15:00 (10:00),Burnley,0–2,Brighton,"20,408",Turf Moor,Thomas Bramall,Match Report,,EPL
32,Sat,4/11/26,15:00 (10:00),Brentford,2–2,Everton,"17,220",Gtech Community Stadium,Farai Hallam,Match Report,,EPL
32,Sat,4/11/26,17:30 (12:30),Liverpool,2–0,Fulham,"60,401",Anfield,Anthony Taylor,Match Report,,EPL
32,Sun,4/12/26,14:00 (09:00),Sunderland,1–0,Tottenham Hotspur,,Stadium of Light,,Head-to-Head,,EPL
32,Sun,4/12/26,14:00 (09:00),Nottingham Forest,1–1,Aston Villa,,The City Ground,,Head-to-Head,,EPL
32,Sun,4/12/26,14:00 (09:00),Crystal Palace,2–1,Newcastle United,,Selhurst Park,,Head-to-Head,,EPL
32,Sun,4/12/26,16:30 (11:30),Chelsea,0–3,Manchester City,,Stamford Bridge,,Head-to-Head,,EPL
32,Mon,4/13/26,20:00 (15:00),Manchester Utd,,Leeds United,,Old Trafford,,Head-to-Head,,EPL
32,Fri,4/10/26,20:45 (14:45),Roma,3–0,Pisa,,Stadio Olimpico,Ermanno Feliciani,Match Report,,SerieA
32,Sat,4/11/26,15:00 (09:00),Torino,2–1,Hellas Verona,,Stadio Olimpico Grande Torino,Kevin Bonacina,Match Report,,SerieA
32,Sat,4/11/26,15:00 (09:00),Cagliari,1–0,Cremonese,"16,412",Unipol Domus,Daniele Doveri,Match Report,,SerieA
32,Sat,4/11/26,18:00 (12:00),Milan,0–3,Udinese,"74,675",Stadio Giuseppe Meazza,Matteo Marchetti,Match Report,,SerieA
32,Sat,4/11/26,20:45 (14:45),Atalanta,0–1,Juventus,,New Balance Arena,Fabio Maresca,Match Report,,SerieA
32,Sun,4/12/26,12:30 (06:30),Genoa,2–1,Sassuolo,,Stadio Comunale Luigi Ferraris,,Head-to-Head,,SerieA
32,Sun,4/12/26,15:00 (09:00),Parma,1–1,Napoli,,Stadio Ennio Tardini,,Head-to-Head,,SerieA
32,Sun,4/12/26,18:00 (12:00),Bologna,2–0,Lecce,,Stadio Renato Dall'Ara,,Head-to-Head,,SerieA
32,Sun,4/12/26,20:45 (14:45),Como,,Inter,,Stadio Giuseppe Sinigaglia,,Head-to-Head,,SerieA
32,Mon,4/13/26,20:45 (14:45),Fiorentina,,Lazio,,Stadio Artemio Franchi,,Head-to-Head,,SerieA
33,Sat,4/18/26,12:30 (07:30),Brentford,,Fulham,,Gtech Community Stadium,,Head-to-Head,,EPL
33,Sat,4/18/26,15:00 (10:00),Newcastle United,,Bournemouth,,St James' Park,,Head-to-Head,,EPL
33,Sat,4/18/26,15:00 (10:00),Leeds United,,Wolves,,Elland Road,,Head-to-Head,,EPL
33,Sat,4/18/26,17:30 (12:30),Tottenham Hotspur,,Brighton,,Tottenham Hotspur Stadium,,Head-to-Head,,EPL
33,Sat,4/18/26,20:00 (15:00),Chelsea,,Manchester Utd,,Stamford Bridge,,Head-to-Head,,EPL
33,Sun,4/19/26,14:00 (09:00),Everton,,Liverpool,,Hill Dickinson Stadium,,Head-to-Head,,EPL
33,Sun,4/19/26,14:00 (09:00),Aston Villa,,Sunderland,,Villa Park,,Head-to-Head,,EPL
33,Sun,4/19/26,14:00 (09:00),Nottingham Forest,,Burnley,,The City Ground,,Head-to-Head,,EPL
33,Sun,4/19/26,16:30 (11:30),Manchester City,,Arsenal,,Etihad Stadium,,Head-to-Head,,EPL
33,Mon,4/20/26,20:00 (15:00),Crystal Palace,,West Ham United,,Selhurst Park,,Head-to-Head,,EPL
33,Fri,4/17/26,18:30 (12:30),Sassuolo,,Como,,Mapei Stadium - Città del Tricolore,,Head-to-Head,,SerieA
33,Fri,4/17/26,20:45 (14:45),Inter,,Cagliari,,Stadio Giuseppe Meazza,,Head-to-Head,,SerieA
33,Sat,4/18/26,15:00 (09:00),Udinese,,Parma,,Bluenergy Stadium,,Head-to-Head,,SerieA
33,Sat,4/18/26,18:00 (12:00),Napoli,,Lazio,,Stadio Diego Armando Maradona,,Head-to-Head,,SerieA
33,Sat,4/18/26,20:45 (14:45),Roma,,Atalanta,,Stadio Olimpico,,Head-to-Head,,SerieA
33,Sun,4/19/26,12:30 (06:30),Cremonese,,Torino,,Stadio Giovanni Zini,,Head-to-Head,,SerieA
33,Sun,4/19/26,15:00 (09:00),Hellas Verona,,Milan,,Stadio Marc'Antonio Bentegodi,,Head-to-Head,,SerieA
33,Sun,4/19/26,18:00 (12:00),Pisa,,Genoa,,Arena Garibaldi - Stadio Romeo Anconetan...,,Head-to-Head,,SerieA
33,Sun,4/19/26,20:45 (14:45),Juventus,,Bologna,,Allianz Stadium,,Head-to-Head,,SerieA
33,Mon,4/20/26,20:45 (14:45),Lecce,,Fiorentina,,Stadio Comunale Ettore Giardiniero,,Head-to-Head,,SerieA
34,Tue,4/21/26,20:00 (15:00),Brighton,,Chelsea,,The American Express Stadium,,Head-to-Head,,EPL
34,Wed,4/22/26,20:00 (15:00),Burnley,,Manchester City,,Turf Moor,,Head-to-Head,,EPL
34,Wed,4/22/26,20:00 (15:00),Bournemouth,,Leeds United,,Vitality Stadium,,Head-to-Head,,EPL
34,Fri,4/24/26,20:00 (15:00),Sunderland,,Nottingham Forest,,Stadium of Light,,Head-to-Head,,EPL
34,Sat,4/25/26,12:30 (07:30),Fulham,,Aston Villa,,Craven Cottage,,Head-to-Head,,EPL
34,Sat,4/25/26,15:00 (10:00),Wolves,,Tottenham Hotspur,,Molineux Stadium,,Head-to-Head,,EPL
34,Sat,4/25/26,15:00 (10:00),West Ham United,,Everton,,London Stadium,,Head-to-Head,,EPL
34,Sat,4/25/26,15:00 (10:00),Liverpool,,Crystal Palace,,Anfield,,Head-to-Head,,EPL
34,Sat,4/25/26,17:30 (12:30),Arsenal,,Newcastle United,,Emirates Stadium,,Head-to-Head,,EPL
34,Mon,4/27/26,20:00 (15:00),Manchester Utd,,Brentford,,Old Trafford,,Head-to-Head,,EPL
34,Fri,4/24/26,20:45 (14:45),Napoli,,Cremonese,,Stadio Diego Armando Maradona,,Head-to-Head,,SerieA
34,Sat,4/25/26,15:00 (09:00),Parma,,Pisa,,Stadio Ennio Tardini,,Head-to-Head,,SerieA
34,Sat,4/25/26,18:00 (12:00),Bologna,,Roma,,Stadio Renato Dall'Ara,,Head-to-Head,,SerieA
34,Sat,4/25/26,20:45 (14:45),Hellas Verona,,Lecce,,Stadio Marc'Antonio Bentegodi,,Head-to-Head,,SerieA
34,Sun,4/26/26,12:30 (06:30),Fiorentina,,Sassuolo,,Stadio Artemio Franchi,,Head-to-Head,,SerieA
34,Sun,4/26/26,15:00 (09:00),Genoa,,Como,,Stadio Comunale Luigi Ferraris,,Head-to-Head,,SerieA
34,Sun,4/26/26,18:00 (12:00),Torino,,Inter,,Stadio Olimpico Grande Torino,,Head-to-Head,,SerieA
34,Sun,4/26/26,20:45 (14:45),Milan,,Juventus,,Stadio Giuseppe Meazza,,Head-to-Head,,SerieA
34,Mon,4/27/26,18:30 (12:30),Cagliari,,Atalanta,,Unipol Domus,,Head-to-Head,,SerieA
34,Mon,4/27/26,20:45 (14:45),Lazio,,Udinese,,Stadio Olimpico,,Head-to-Head,,SerieA
35,Fri,5/1/26,20:00 (15:00),Leeds United,,Burnley,,Elland Road,,Head-to-Head,,EPL
35,Sat,5/2/26,12:30 (07:30),Aston Villa,,Tottenham Hotspur,,Villa Park,,Head-to-Head,,EPL
35,Sat,5/2/26,15:00 (10:00),Wolves,,Sunderland,,Molineux Stadium,,Head-to-Head,,EPL
35,Sat,5/2/26,15:00 (10:00),Brentford,,West Ham United,,Gtech Community Stadium,,Head-to-Head,,EPL
35,Sat,5/2/26,15:00 (10:00),Bournemouth,,Crystal Palace,,Vitality Stadium,,Head-to-Head,,EPL
35,Sat,5/2/26,15:00 (10:00),Newcastle United,,Brighton,,St James' Park,,Head-to-Head,,EPL
35,Sat,5/2/26,17:30 (12:30),Arsenal,,Fulham,,Emirates Stadium,,Head-to-Head,,EPL
35,Sun,5/3/26,15:30 (10:30),Manchester Utd,,Liverpool,,Old Trafford,,Head-to-Head,,EPL
35,Mon,5/4/26,15:00 (10:00),Chelsea,,Nottingham Forest,,Stamford Bridge,,Head-to-Head,,EPL
35,Mon,5/4/26,20:00 (15:00),Everton,,Manchester City,,Hill Dickinson Stadium,,Head-to-Head,,EPL
35,Sun,5/3/26,,Roma,,Fiorentina,,Stadio Olimpico,,Head-to-Head,,SerieA
35,Sun,5/3/26,,Pisa,,Lecce,,Arena Garibaldi - Stadio Romeo Anconetan...,,Head-to-Head,,SerieA
35,Sun,5/3/26,,Cremonese,,Lazio,,Stadio Giovanni Zini,,Head-to-Head,,SerieA
35,Sun,5/3/26,,Como,,Napoli,,Stadio Giuseppe Sinigaglia,,Head-to-Head,,SerieA
35,Sun,5/3/26,,Atalanta,,Genoa,,New Balance Arena,,Head-to-Head,,SerieA
35,Sun,5/3/26,,Sassuolo,,Milan,,Mapei Stadium - Città del Tricolore,,Head-to-Head,,SerieA
35,Sun,5/3/26,,Inter,,Parma,,Stadio Giuseppe Meazza,,Head-to-Head,,SerieA
35,Sun,5/3/26,,Bologna,,Cagliari,,Stadio Renato Dall'Ara,,Head-to-Head,,SerieA
35,Sun,5/3/26,,Udinese,,Torino,,Bluenergy Stadium,,Head-to-Head,,SerieA
35,Sun,5/3/26,,Juventus,,Hellas Verona,,Allianz Stadium,,Head-to-Head,,SerieA
36,Sat,5/9/26,12:30 (07:30),Liverpool,,Chelsea,,Anfield,,Head-to-Head,,EPL
36,Sat,5/9/26,15:00 (10:00),Brighton,,Wolves,,The American Express Stadium,,Head-to-Head,,EPL
36,Sat,5/9/26,15:00 (10:00),Burnley,,Aston Villa,,Turf Moor,,Head-to-Head,,EPL
36,Sat,5/9/26,15:00 (10:00),Crystal Palace,,Everton,,Selhurst Park,,Head-to-Head,,EPL
36,Sat,5/9/26,15:00 (10:00),Sunderland,,Manchester Utd,,Stadium of Light,,Head-to-Head,,EPL
36,Sat,5/9/26,15:00 (10:00),Fulham,,Bournemouth,,Craven Cottage,,Head-to-Head,,EPL
36,Sat,5/9/26,17:30 (12:30),Manchester City,,Brentford,,Etihad Stadium,,Head-to-Head,,EPL
36,Sun,5/10/26,14:00 (09:00),Nottingham Forest,,Newcastle United,,The City Ground,,Head-to-Head,,EPL
36,Sun,5/10/26,16:30 (11:30),West Ham United,,Arsenal,,London Stadium,,Head-to-Head,,EPL
36,Mon,5/11/26,20:00 (15:00),Tottenham Hotspur,,Leeds United,,Tottenham Hotspur Stadium,,Head-to-Head,,EPL
36,Sun,5/10/26,,Lecce,,Juventus,,Stadio Comunale Ettore Giardiniero,,Head-to-Head,,SerieA
36,Sun,5/10/26,,Cagliari,,Udinese,,Unipol Domus,,Head-to-Head,,SerieA
36,Sun,5/10/26,,Milan,,Atalanta,,Stadio Giuseppe Meazza,,Head-to-Head,,SerieA
36,Sun,5/10/26,,Hellas Verona,,Como,,Stadio Marc'Antonio Bentegodi,,Head-to-Head,,SerieA
36,Sun,5/10/26,,Cremonese,,Pisa,,Stadio Giovanni Zini,,Head-to-Head,,SerieA
36,Sun,5/10/26,,Parma,,Roma,,Stadio Ennio Tardini,,Head-to-Head,,SerieA
36,Sun,5/10/26,,Fiorentina,,Genoa,,Stadio Artemio Franchi,,Head-to-Head,,SerieA
36,Sun,5/10/26,,Napoli,,Bologna,,Stadio Diego Armando Maradona,,Head-to-Head,,SerieA
36,Sun,5/10/26,,Lazio,,Inter,,Stadio Olimpico,,Head-to-Head,,SerieA
36,Sun,5/10/26,,Torino,,Sassuolo,,Stadio Olimpico Grande Torino,,Head-to-Head,,SerieA
37,Sun,5/17/26,15:00 (10:00),Wolves,,Fulham,,Molineux Stadium,,Head-to-Head,,EPL
37,Sun,5/17/26,15:00 (10:00),Bournemouth,,Manchester City,,Vitality Stadium,,Head-to-Head,,EPL
37,Sun,5/17/26,15:00 (10:00),Arsenal,,Burnley,,Emirates Stadium,,Head-to-Head,,EPL
37,Sun,5/17/26,15:00 (10:00),Newcastle United,,West Ham United,,St James' Park,,Head-to-Head,,EPL
37,Sun,5/17/26,15:00 (10:00),Leeds United,,Brighton,,Elland Road,,Head-to-Head,,EPL
37,Sun,5/17/26,15:00 (10:00),Aston Villa,,Liverpool,,Villa Park,,Head-to-Head,,EPL
37,Sun,5/17/26,15:00 (10:00),Everton,,Sunderland,,Hill Dickinson Stadium,,Head-to-Head,,EPL
37,Sun,5/17/26,15:00 (10:00),Manchester Utd,,Nottingham Forest,,Old Trafford,,Head-to-Head,,EPL
37,Sun,5/17/26,15:00 (10:00),Brentford,,Crystal Palace,,Gtech Community Stadium,,Head-to-Head,,EPL
37,Sun,5/17/26,15:00 (10:00),Chelsea,,Tottenham Hotspur,,Stamford Bridge,,Head-to-Head,,EPL
37,Sun,5/17/26,,Cagliari,,Torino,,Unipol Domus,,Head-to-Head,,SerieA
37,Sun,5/17/26,,Como,,Parma,,Stadio Giuseppe Sinigaglia,,Head-to-Head,,SerieA
37,Sun,5/17/26,,Pisa,,Napoli,,Arena Garibaldi - Stadio Romeo Anconetan...,,Head-to-Head,,SerieA
37,Sun,5/17/26,,Roma,,Lazio,,Stadio Olimpico,,Head-to-Head,,SerieA
37,Sun,5/17/26,,Inter,,Hellas Verona,,Stadio Giuseppe Meazza,,Head-to-Head,,SerieA
37,Sun,5/17/26,,Udinese,,Cremonese,,Bluenergy Stadium,,Head-to-Head,,SerieA
37,Sun,5/17/26,,Genoa,,Milan,,Stadio Comunale Luigi Ferraris,,Head-to-Head,,SerieA
37,Sun,5/17/26,,Atalanta,,Bologna,,New Balance Arena,,Head-to-Head,,SerieA
37,Sun,5/17/26,,Juventus,,Fiorentina,,Allianz Stadium,,Head-to-Head,,SerieA
37,Sun,5/17/26,,Sassuolo,,Lecce,,Mapei Stadium - Città del Tricolore,,Head-to-Head,,SerieA
38,Sun,5/24/26,16:00 (11:00),Tottenham Hotspur,,Everton,,Tottenham Hotspur Stadium,,Head-to-Head,,EPL
38,Sun,5/24/26,16:00 (11:00),Brighton,,Manchester Utd,,The American Express Stadium,,Head-to-Head,,EPL
38,Sun,5/24/26,16:00 (11:00),Fulham,,Newcastle United,,Craven Cottage,,Head-to-Head,,EPL
38,Sun,5/24/26,16:00 (11:00),Crystal Palace,,Arsenal,,Selhurst Park,,Head-to-Head,,EPL
38,Sun,5/24/26,16:00 (11:00),Liverpool,,Brentford,,Anfield,,Head-to-Head,,EPL
38,Sun,5/24/26,16:00 (11:00),Nottingham Forest,,Bournemouth,,The City Ground,,Head-to-Head,,EPL
38,Sun,5/24/26,16:00 (11:00),Burnley,,Wolves,,Turf Moor,,Head-to-Head,,EPL
38,Sun,5/24/26,16:00 (11:00),Sunderland,,Chelsea,,Stadium of Light,,Head-to-Head,,EPL
38,Sun,5/24/26,16:00 (11:00),Manchester City,,Aston Villa,,Etihad Stadium,,Head-to-Head,,EPL
38,Sun,5/24/26,16:00 (11:00),West Ham United,,Leeds United,,London Stadium,,Head-to-Head,,EPL
38,Sun,5/24/26,,Torino,,Juventus,,Stadio Olimpico Grande Torino,,Head-to-Head,,SerieA
38,Sun,5/24/26,,Napoli,,Udinese,,Stadio Diego Armando Maradona,,Head-to-Head,,SerieA
38,Sun,5/24/26,,Lecce,,Genoa,,Stadio Comunale Ettore Giardiniero,,Head-to-Head,,SerieA
38,Sun,5/24/26,,Milan,,Cagliari,,Stadio Giuseppe Meazza,,Head-to-Head,,SerieA
38,Sun,5/24/26,,Cremonese,,Como,,Stadio Giovanni Zini,,Head-to-Head,,SerieA
38,Sun,5/24/26,,Parma,,Sassuolo,,Stadio Ennio Tardini,,Head-to-Head,,SerieA
38,Sun,5/24/26,,Lazio,,Pisa,,Stadio Olimpico,,Head-to-Head,,SerieA
38,Sun,5/24/26,,Bologna,,Inter,,Stadio Renato Dall'Ara,,Head-to-Head,,SerieA
38,Sun,5/24/26,,Hellas Verona,,Roma,,Stadio Marc'Antonio Bentegodi,,Head-to-Head,,SerieA
38,Sun,5/24/26,,Fiorentina,,Atalanta,,Stadio Artemio Franchi,,Head-to-Head,,SerieA
